axis,t_s,v_V,i_A
d,0,1.49772762079692,-0.00228785145446566
d,5e-05,1.50622014421362,0.289195683792027
d,0.0001,1.50528044914217,0.550330033519821
d,0.00015,1.49969678691681,0.793935801659635
d,0.0002,1.50015489153896,1.01794779566499
d,0.00025,1.50211060779351,1.22391680039263
d,0.0003,1.50414361484353,1.41445522956433
d,0.00035,1.50061107152103,1.58813656624345
d,0.0004,1.49887617149525,1.75377589521161
d,0.00045,1.50013121409498,1.89543277026443
d,0.0005,1.50005015269314,2.02697939499283
d,0.00055,1.49761848623451,2.15414527815794
d,0.0006,1.49314853700221,2.26815187929588
d,0.00065,1.50023911343475,2.3709763095487
d,0.0007,1.50147966356453,2.46786682523877
d,0.00075,1.49950640630493,2.55837614630518
d,0.0008,1.49889793560573,2.63670587466327
d,0.00085,1.49938874733425,2.71523735119743
d,0.0009,1.50191292701236,2.78360588903427
d,0.00095,1.50054937809972,2.84866696211178
d,0.001,1.50179738054481,2.90489266605729
d,0.00105,1.500766094569,2.96237236048609
d,0.0011,1.50015311638872,3.01067248947208
d,0.00115,1.49803958426727,3.05491105087429
d,0.0012,1.50045751327282,3.09616269523303
d,0.00125,1.49949045318786,3.13584780879851
d,0.0013,1.50228912800669,3.16816042669649
d,0.00135,1.50016905266273,3.20428845713363
d,0.0014,1.49962042477464,3.23002200955506
d,0.00145,1.50164195039561,3.26065383593259
d,0.0015,1.50148311566257,3.28028174030384
d,0.00155,1.50082160801945,3.30872178742643
d,0.0016,1.49586775820965,3.32866012302467
d,0.00165,1.50632904623413,3.34861596550174
d,0.0017,1.49850764954403,3.3652626689088
d,0.00175,1.49908377067954,3.38100000092002
d,0.0018,1.50054095810815,3.39804668062487
d,0.00185,1.50180115928558,3.40957462382162
d,0.0019,1.4984254577808,3.42599690192326
d,0.00195,1.50223023694601,3.43735033430756
d,0.002,1.49751066227575,3.4452688909209
d,0.00205,1.49788989955165,3.45506374098458
d,0.0021,1.49977809378818,3.46506914556404
d,0.00215,1.50615273035732,3.476910078781
d,0.0022,1.49918936980605,3.48384260532715
d,0.00225,1.49789035436988,3.48734759376918
d,0.0023,1.49891754296268,3.49589551856675
d,0.00235,1.50118302503395,3.50596780390294
d,0.0024,1.4999182188592,3.50781825892479
d,0.00245,1.50138280806908,3.51566994127128
d,0.0025,1.50521462997689,3.51738364920338
d,0.00255,1.49247167808414,3.52272004565703
d,0.0026,1.49579325348724,3.5297850638881
d,0.00265,1.49965021070811,3.53294950844658
d,0.0027,1.49992025823172,3.53469684231085
d,0.00275,1.50249636647132,3.53766627588833
d,0.0028,1.50029249228541,3.54059191146405
d,0.00285,1.50568668957523,3.54192698140589
d,0.0029,1.50181663110074,3.54384402402523
d,0.00295,1.50092381052172,3.54299350511231
d,0.003,1.49551523939581,3.55142032158658
d,0.00305,1.49844526826224,3.54955183607008
d,0.0031,1.50011620655327,3.55273076330746
d,0.00315,1.50268204742592,3.55634122850881
d,0.0032,1.49955555549644,3.55719166356434
d,0.00325,1.50575866518765,3.55809336214924
d,0.0033,1.4988778786417,3.55826619838146
d,0.00335,1.50567664395935,3.55814691686047
d,0.0034,1.50186198395652,3.55725971874867
d,0.00345,1.4961419010282,3.56027625241449
d,0.0035,1.49854411928758,3.56353622344821
d,0.00355,1.4973699229658,3.56220168201541
d,0.0036,1.50198101926309,3.55860387914001
d,0.00365,1.49930202889483,3.56702978025099
d,0.0037,1.4978531119351,3.5630683746176
d,0.00375,1.49863465542836,3.56661267378652
d,0.0038,1.50253141231363,3.56217847181205
d,0.00385,1.49998181263421,3.56950956188778
d,0.0039,1.49918131264103,3.56555101785527
d,0.00395,1.50384721248944,3.567506929327
d,0.004,1.50491438761289,3.56868231086168
d,0.00405,1.49754888397485,3.56632000067703
d,0.0041,1.49929985710382,3.57094798384037
d,0.00415,1.49845000546135,3.56586877259774
d,0.0042,1.49724046910119,3.56831271127173
d,0.00425,1.50043248603866,3.5676770875643
d,0.0043,1.49744719257111,3.56808710247825
d,0.00435,1.50213082171332,3.5708448678788
d,0.0044,1.50265418173499,3.56882509901286
d,0.00445,1.49181903967746,3.57046467377391
d,0.0045,1.50122718696378,3.57191839711038
d,0.00455,1.50165062440593,3.56919481783091
d,0.0046,1.49961758947381,3.5681175254888
d,0.00465,1.50033394646884,3.56604163956371
d,0.0047,1.49786015986217,3.56761235326322
d,0.00475,1.50277318713231,3.56807169033289
d,0.0048,1.5010186167405,3.56970760152993
d,0.00485,1.5033053467559,3.57392565839168
d,0.0049,1.50377732037697,3.5692658318101
d,0.00495,1.4996498043547,3.57279651367573
d,0.005,1.49895738011578,3.57157425080813
d,0.00505,1.49624267588593,3.56838738082258
d,0.0051,1.50297425679126,3.57139522063726
d,0.00515,1.49339312895089,3.57259832193997
d,0.0052,1.49751083918943,3.57431948669925
d,0.00525,1.4986697300256,3.57249970864629
d,0.0053,1.4993615659346,3.57337808524308
d,0.00535,1.49430700539543,3.56988535134708
d,0.0054,1.50230357152605,3.5714733690499
d,0.00545,1.50296299675739,3.56934735694446
d,0.0055,1.50124858315059,3.57012114186699
d,0.00555,1.50271041075595,3.5729916018255
d,0.0056,1.4976301576151,3.57215337352872
d,0.00565,1.4981692433524,3.57277264390779
d,0.0057,1.49493763306851,3.56905963238496
d,0.00575,1.50179230667013,3.56652319322518
d,0.0058,1.50458594159591,3.57471001684507
d,0.00585,1.50369454211548,3.57298562272516
d,0.0059,1.49963397523938,3.57440583411592
d,0.00595,1.50166645292851,3.57393594901339
d,0.006,1.49871912354952,3.57209267323938
d,0.00605,1.50502379424618,3.57112404548345
d,0.0061,1.49585018857721,3.56762498216862
d,0.00615,1.50080919747357,3.57098618120796
d,0.0062,1.50180143581129,3.57173140641017
d,0.00625,1.49888574112027,3.57195048210189
d,0.0063,1.49970554110706,3.57060895979653
d,0.00635,1.5024640347351,3.56914789527108
d,0.0064,1.49861403865629,3.57341901156389
d,0.00645,1.50480588301914,3.57031394346117
d,0.0065,1.5030165796502,3.56957286852632
d,0.00655,1.4980939417166,3.56709381029042
d,0.0066,1.49452240437805,3.56807201502333
d,0.00665,1.50227523478261,3.56591364844632
d,0.0067,1.49284518351868,3.56963884765079
d,0.00675,1.49479466206546,3.56901600848754
d,0.0068,1.50112188815949,3.56830087412795
d,0.00685,1.50068636452656,3.56953448277873
d,0.0069,1.49858841003464,3.5719878736206
d,0.00695,1.49956662569321,3.56988257063407
d,0.007,1.49364352861701,3.57010214363324
d,0.00705,1.49921057645368,3.57169040364876
d,0.0071,1.49934966065348,3.57037164181824
d,0.00715,1.49919505900584,3.57171233035967
d,0.0072,1.50074826008906,3.57004324259776
d,0.00725,1.50167703270824,3.56976479846993
d,0.0073,1.49427301988779,3.57154692991755
d,0.00735,1.5004747353655,3.5719534855245
d,0.0074,1.49902435552911,3.57171935704802
d,0.00745,1.50483176411728,3.57183557531809
d,0.0075,1.49669143445058,3.56897996257698
d,0.00755,1.50146124475735,3.57169840915247
d,0.0076,1.49887972257239,3.57108700452167
d,0.00765,1.5016285829469,3.57071562642003
d,0.0077,1.49998844409298,3.57080828228442
d,0.00775,1.49777488184207,3.5675183504214
d,0.0078,1.49816475408545,3.57128003370962
d,0.00785,1.49866044669445,3.56911221272619
d,0.0079,1.50252518132641,3.56774852124743
d,0.00795,1.50603112498359,3.57222311383091
d,0.008,1.49473806183323,3.56976892705033
d,0.00805,1.49714015315273,3.57172515190604
d,0.0081,1.4968818096897,3.57234954219694
d,0.00815,1.50007888025191,3.57267507058822
d,0.0082,1.50248968721629,3.57149560343227
d,0.00825,1.4948966544972,3.56902917857135
d,0.0083,1.49919823453935,3.56961952923365
d,0.00835,1.5000506705121,3.57081255177082
d,0.0084,1.49751806584531,3.57383324490531
d,0.00845,1.49516012406619,3.57400258240621
d,0.0085,1.49482226507365,3.56823404142188
d,0.00855,1.49962130069342,3.57533802516329
d,0.0086,1.50259778248063,3.57070972419104
d,0.00865,1.50042778766196,3.568390200174
d,0.0087,1.50168989607213,3.57155334942021
d,0.00875,1.49993750731339,3.57130288681816
d,0.0088,1.50070718389508,3.57438098242014
d,0.00885,1.49574129683559,3.56970645130011
d,0.0089,1.49747747507427,3.57182469449857
d,0.00895,1.49982618101486,3.56923086970215
d,0.009,1.50281350590143,3.56966664031962
d,0.00905,1.4934831035392,3.57339716419872
d,0.0091,1.50323301344396,3.57287836171728
d,0.00915,1.50094616389365,3.57101074212333
d,0.0092,1.50028940478002,3.56839717678943
d,0.00925,1.50433007468904,3.57201378686324
d,0.0093,1.49866887554719,3.56712207352453
d,0.00935,1.50435461011258,3.56967944372871
d,0.0094,1.50065038412493,3.5709259128759
d,0.00945,1.49795843125022,3.56763421458804
d,0.0095,1.50402777386235,3.56950098251649
d,0.00955,1.50457274767576,3.56668225219446
d,0.0096,1.50109545773737,3.57105676634383
d,0.00965,1.49864940443877,3.57125836414709
d,0.0097,1.50529015695535,3.56967454140434
d,0.00975,1.50266673876525,3.57027869061995
d,0.0098,1.4948370439135,3.57227823512386
d,0.00985,1.50093792066601,3.5688819987091
d,0.0099,1.5004998926605,3.57105911387124
d,0.00995,1.50302841927465,3.5700660278017
d,0.01,1.50018812719921,3.57006657300897
d,0.01005,1.50280575801712,3.56971108663559
d,0.0101,1.50264769992047,3.56888440828532
d,0.01015,1.50544001544627,3.57241014527707
d,0.0102,1.50570421731622,3.57158652214148
d,0.01025,1.49614884705175,3.5703547217545
d,0.0103,1.49835418977901,3.57445691084387
d,0.01035,1.50599032098154,3.57024632987843
d,0.0104,1.50079674779713,3.5734619814886
d,0.01045,1.50388793702874,3.57213310318946
d,0.0105,1.50086360453128,3.56965009470722
d,0.01055,1.50046262511159,3.57348106728119
d,0.0106,1.49820160555145,3.56917311460872
d,0.01065,1.50075137634747,3.57136842284825
d,0.0107,1.50232209450326,3.57135413732455
d,0.01075,1.50282393924719,3.57195305290138
d,0.0108,1.49938357182061,3.56902438031817
d,0.01085,1.49267384242202,3.5751599402221
d,0.0109,1.50310946011218,3.57530109058146
d,0.01095,1.50082039990429,3.57158371521661
d,0.011,1.4986918628421,3.57225022930307
d,0.01105,1.50769167502269,3.57130339459945
d,0.0111,1.50126275288892,3.57142299253757
d,0.01115,1.49755777670167,3.5700670248943
d,0.0112,1.49994459550018,3.57180741046718
d,0.01125,1.49790186843029,3.56807305811682
d,0.0113,1.50261657839314,3.57495713116412
d,0.01135,1.49702206070167,3.57316557183811
d,0.0114,1.50165027172523,3.5697235543793
d,0.01145,1.50737714287678,3.57122147147808
d,0.0115,1.49573442805679,3.56813540310648
d,0.01155,1.49639151448141,3.56973126856799
d,0.0116,1.49537340210482,3.57289600816764
d,0.01165,1.50192211174503,3.57124066988438
d,0.0117,1.49727386835624,3.56860243447927
d,0.01175,1.49855724071877,3.57248069611551
d,0.0118,1.49497050712936,3.57121339483315
d,0.01185,1.49704960896029,3.56743848651561
d,0.0119,1.49958654370337,3.57125058677501
d,0.01195,1.49660552753115,3.56913468655028
d,0.012,1.49687712941424,3.57167957423423
d,0.01205,1.49962603834496,3.57519184460173
d,0.0121,1.50619660396627,3.57111778117242
d,0.01215,1.50163827734252,3.57352029584576
d,0.0122,1.50025265718011,3.5736934855615
d,0.01225,1.49686295250015,3.56929936942575
d,0.0123,1.49738934011885,3.57208701279694
d,0.01235,1.49509532397833,3.57149564295822
d,0.0124,1.50313962945662,3.57086913359668
d,0.01245,1.49996304724319,3.57245847049054
d,0.0125,1.4978540377239,3.56986960099011
d,0.01255,1.50220288554179,3.57309649067488
d,0.0126,1.50174905607151,3.57256720241601
d,0.01265,1.50297789240331,3.57208798575903
d,0.0127,1.50304720778419,3.57297928557096
d,0.01275,1.4966264908739,3.57202022189658
d,0.0128,1.50070511859162,3.57222202962855
d,0.01285,1.50122772607205,3.57482042994244
d,0.0129,1.49154517679828,3.57320503738208
d,0.01295,1.49514459476368,3.5704810217791
d,0.013,1.50205777085667,3.56903997017115
d,0.01305,1.50233026379514,3.57020950039575
d,0.0131,1.49824395031682,3.57303069498196
d,0.01315,1.49705125301929,3.57249883018087
d,0.0132,1.5036822209562,3.57156633486985
d,0.01325,1.49600832618659,3.56988187602955
d,0.0133,1.49786885030963,3.57170459203532
d,0.01335,1.49967727294354,3.57080128518454
d,0.0134,1.50234424715013,3.57331535953253
d,0.01345,1.49763342249591,3.57199087795563
d,0.0135,1.50005671871482,3.57331463678624
d,0.01355,1.50586695272547,3.57009064113747
d,0.0136,1.49775412286303,3.56698848774429
d,0.01365,1.50242304610182,3.56979152741388
d,0.0137,1.50073957268939,3.56997223034939
d,0.01375,1.49507588785821,3.5719636836578
d,0.0138,1.49650457847473,3.57470088813095
d,0.01385,1.49926533738629,3.57088420012935
d,0.0139,1.49870229369951,3.57008571461684
d,0.01395,1.49840533162705,3.56854292913186
d,0.014,1.49978308749055,3.56927530912473
d,0.01405,1.50155505538888,3.57564787733331
d,0.0141,1.49541182947043,3.56871855606151
d,0.01415,1.50421469353724,3.57323432837203
d,0.0142,1.4940121107188,3.57443730028465
d,0.01425,1.50083544535772,3.56908664527673
d,0.0143,1.50324316054262,3.57147644623424
d,0.01435,1.49700382424159,3.57194488588707
d,0.0144,1.49657826333107,3.57079492674597
d,0.01445,1.5018439577009,3.5709181608761
d,0.0145,1.50017848880907,3.57094768832211
d,0.01455,1.50081797704903,3.57102421846024
d,0.0146,1.49805776524864,3.5713772004812
d,0.01465,1.50025646644576,3.57187098725011
d,0.0147,1.4955729472947,3.57358475221787
d,0.01475,1.49973688992464,3.56907506359677
d,0.0148,1.4975168977721,3.57438552875855
d,0.01485,1.50372159061261,3.56993128903305
d,0.0149,1.50049887494103,3.56873120296374
d,0.01495,1.50230637047643,3.56853360565151
d,0.015,1.50040019226754,3.57342616561823
d,0.01505,1.4945529724642,3.57314554291339
d,0.0151,1.500826054047,3.57190355104243
d,0.01515,1.49716408573156,3.56979323536042
d,0.0152,1.49856757376528,3.57376741966471
d,0.01525,1.502278841919,3.571030117752
d,0.0153,1.50289265953679,3.56935802838444
d,0.01535,1.49796242433546,3.57274605903372
d,0.0154,1.50607981209155,3.57137188943059
d,0.01545,1.50311323491182,3.57258982663172
d,0.0155,1.5005487946023,3.57090906869109
d,0.01555,1.49968661123163,3.57033541661473
d,0.0156,1.50300023013895,3.57028455123658
d,0.01565,1.49652348060535,3.56754454411033
d,0.0157,1.50243130754735,3.56946521170948
d,0.01575,1.50244355788611,3.57250697639097
d,0.0158,1.50295388357233,3.56998584977898
d,0.01585,1.49515010776204,3.57451680939415
d,0.0159,1.50437435909888,3.57444550275479
d,0.01595,1.50082247043738,3.57138988000334
d,0.016,1.49985923017858,3.57466822441535
d,0.01605,1.50241445032886,3.56854867840593
d,0.0161,1.49917248667238,3.57337479532254
d,0.01615,1.50026421321472,3.57294241242059
d,0.0162,1.50168560503798,3.57377547528373
d,0.01625,1.50069142794067,3.5704038019411
d,0.0163,1.50145863516699,3.5738004696913
d,0.01635,1.49722585741524,3.57238663862349
d,0.0164,1.50246974206387,3.57420774091369
d,0.01645,1.50274736363578,3.57294642460363
d,0.0165,1.49685634459778,3.57104025948628
d,0.01655,1.49698179164031,3.57342956452182
d,0.0166,1.4970073378129,3.57123038590241
d,0.01665,1.49859163409527,3.57133232791925
d,0.0167,1.50184028245734,3.57145210536177
d,0.01675,1.49764951536168,3.56859709945074
d,0.0168,1.49585341709794,3.5698085465502
d,0.01685,1.49892288308476,3.57096809574509
d,0.0169,1.49532085803419,3.56822678941889
d,0.01695,1.50021452696401,3.57010331165283
d,0.017,1.49986839736884,3.57060488677197
d,0.01705,1.4997571853962,3.578028062761
d,0.0171,1.50264479770395,3.57037328815688
d,0.01715,1.50252108187532,3.57483577779808
d,0.0172,1.50058103985235,3.57558399764042
d,0.01725,1.50062474245034,3.57302653732894
d,0.0173,1.49554504341817,3.57001402691551
d,0.01735,1.49791995614588,3.56736553694451
d,0.0174,1.50473924873876,3.56823556457176
d,0.01745,1.50495439762124,3.57168261655364
d,0.0175,1.49935431163678,3.57330553985391
d,0.01755,1.50030548610276,3.57212087843713
d,0.0176,1.50042276089355,3.56988843630784
d,0.01765,1.49994626900025,3.57062190567124
d,0.0177,1.50057248916152,3.57145407687832
d,0.01775,1.49957554251472,3.56853241331853
d,0.0178,1.49988865896594,3.57164465613272
d,0.01785,1.49919069826166,3.57249417786921
d,0.0179,1.50335305451149,3.57139544280828
d,0.01795,1.5022401284083,3.57089244980276
d,0.018,1.49859961374492,3.57237042832328
d,0.01805,1.49898947251827,3.57137161369197
d,0.0181,1.50153527636172,3.57235558749792
d,0.01815,1.49847339373553,3.57500202227037
d,0.0182,1.50661611130289,3.57172031815406
d,0.01825,1.49884561325789,3.57272863547767
d,0.0183,1.499393008412,3.57058236545752
d,0.01835,1.50570667956677,3.5730744331869
d,0.0184,1.49631298386506,3.57177666858528
d,0.01845,1.50465903119966,3.57535196874062
d,0.0185,1.50023172056527,3.57018843566027
d,0.01855,1.50355611365242,3.57478575204257
d,0.0186,1.5034049019432,3.57029152706225
d,0.01865,1.49383023595369,3.56786118023561
d,0.0187,1.49376370618565,3.56875263063104
d,0.01875,1.50031628462565,3.56853079792048
d,0.0188,1.5032967325133,3.57031377023284
d,0.01885,1.49807672821337,3.5675672492289
d,0.0189,1.4985296490149,3.57229226262853
d,0.01895,1.5039965855344,3.57615480131691
d,0.019,1.50055032691002,3.56924156275273
d,0.01905,1.49663414692645,3.56778496326425
d,0.0191,1.49882361823759,3.57256721182463
d,0.01915,1.50210820030642,3.57019125456746
d,0.0192,1.4964404707915,3.57136633752602
d,0.01925,1.50380966930394,3.56997599168516
d,0.0193,1.49685519637,3.57281276926279
d,0.01935,1.49720135571003,3.5756162032346
d,0.0194,1.49807275310391,3.57036407395167
d,0.01945,1.498152097527,3.57032008161365
d,0.0195,1.50176550722581,3.57424146571989
d,0.01955,1.49823568993429,3.57066973870892
d,0.0196,1.50014490210605,3.57248877754275
d,0.01965,1.50109926952721,3.56920295268256
d,0.0197,1.49742587345962,3.57203350913404
d,0.01975,1.49977211514647,3.57068120199816
d,0.0198,1.50082348442193,3.57387578897228
d,0.01985,1.49806340896138,3.57119104514889
d,0.0199,1.49909391108408,3.57088540940909
d,0.01995,1.5010682533514,3.57161540838879
d,0.02,1.50085928775406,3.57262891106902
d,0.02005,1.50351114342569,3.57093661301695
d,0.0201,1.49844957181951,3.57270815868394
d,0.02015,1.50091514849893,3.57461644953309
d,0.0202,1.49884631632699,3.57198871271016
d,0.02025,1.5017006277168,3.57178460317465
d,0.0203,1.50075906479325,3.56997910900168
d,0.02035,1.49954478315454,3.57115637658708
d,0.0204,1.49648583922443,3.57394020350519
d,0.02045,1.50076978594839,3.5712425796426
d,0.0205,1.49934498105405,3.57469405995041
d,0.02055,1.50265111421051,3.56831932340498
d,0.0206,1.50175324868487,3.56994761164001
d,0.02065,1.49990384454533,3.57434780416924
d,0.0207,1.50443982274556,3.57256393714052
d,0.02075,1.49964951420915,3.56841025175653
d,0.0208,1.50086327826763,3.57044692935414
d,0.02085,1.49878992575307,3.57123927537002
d,0.0209,1.50609278342691,3.57030925093697
d,0.02095,1.50480546006042,3.57204626445764
d,0.021,1.50289344737941,3.57283133929547
d,0.02105,1.5062385857277,3.56924806937192
d,0.0211,1.50553775136637,3.5708233811814
d,0.02115,1.50016306869654,3.56818185545993
d,0.0212,1.50001918399552,3.57312436132089
d,0.02125,1.49907116752969,3.57164497921342
d,0.0213,1.49826806106987,3.56818614873777
d,0.02135,1.50228651994558,3.56825603014377
d,0.0214,1.5028606865998,3.57087535706281
d,0.02145,1.49736351445662,3.57387228744453
d,0.0215,1.49983900004658,3.57199482592331
d,0.02155,1.50404585940992,3.57207952541246
d,0.0216,1.49953039656411,3.5709490545737
d,0.02165,1.50535976378807,3.5723103183585
d,0.0217,1.4961640575243,3.57370908811628
d,0.02175,1.4984108864043,3.56685014862398
d,0.0218,1.50009402180859,3.57348916663397
d,0.02185,1.50288162586458,3.57334373392032
d,0.0219,1.49817630891862,3.56882786656627
d,0.02195,1.50371387847502,3.57237494998838
d,0.022,1.50248810644161,3.56881801649706
d,0.02205,1.49989257321494,3.56830523353557
d,0.0221,1.49545819148553,3.57208024904059
d,0.02215,1.49762061434916,3.5672505193481
d,0.0222,1.50227659105799,3.57257994703435
d,0.02225,1.49854404917024,3.57036982677133
d,0.0223,1.49678011690948,3.57032817213463
d,0.02235,1.49955372786297,3.56864510907014
d,0.0224,1.50061217055362,3.57103573320149
d,0.02245,1.50033679593592,3.56945999947398
d,0.0225,1.49616273382958,3.5702761394782
d,0.02255,1.49777481497739,3.5767281190197
d,0.0226,1.49937731011435,3.56900642712045
d,0.02265,1.50200257931006,3.57087648578437
d,0.0227,1.5016645890455,3.57385294371287
d,0.02275,1.49218696201631,3.57142942365428
d,0.0228,1.50156250047452,3.57013187975827
d,0.02285,1.49846073408129,3.56904815413966
d,0.0229,1.50417865905416,3.57229046458031
d,0.02295,1.50228820118115,3.57364459877677
d,0.023,1.503277086575,3.57253469554828
d,0.02305,1.50065624794696,3.57222271520345
d,0.0231,1.49852915307042,3.57159871382521
d,0.02315,1.49889803026103,3.57348328892548
d,0.0232,1.50525521037067,3.57182297638479
d,0.02325,1.49962647804239,3.57251825421549
d,0.0233,1.50389661893822,3.5696388067427
d,0.02335,1.50040387773188,3.57280091424647
d,0.0234,1.49645210901943,3.56755039297119
d,0.02345,1.50255559093593,3.56835468574818
d,0.0235,1.5005410113116,3.57246767732121
d,0.02355,1.49820371513842,3.57029857474299
d,0.0236,1.49603993436564,3.56953040806605
d,0.02365,1.50450162213348,3.5745012407307
d,0.0237,1.49925043820407,3.56922397000103
d,0.02375,1.49865145851311,3.56868445805193
d,0.0238,1.50316258397262,3.56909616522925
d,0.02385,1.49947171810613,3.57129498463212
d,0.0239,1.50571550543708,3.57087186788442
d,0.02395,1.49959918225233,3.57180654061012
d,0.024,1.50005207879257,3.57042494118881
d,0.02405,1.50169558956667,3.57236724807062
d,0.0241,1.50082204589095,3.57156873737094
d,0.02415,1.49895061028847,3.5715726498953
d,0.0242,1.50030099763593,3.57029947324052
d,0.02425,1.49740547232962,3.57698018063
d,0.0243,1.49986434791075,3.57202297588521
d,0.02435,1.49853122312677,3.57023373924981
d,0.0244,1.50348954201179,3.57119383865563
d,0.02445,1.50421135362197,3.5718953791938
d,0.0245,1.50589178898743,3.57127746022887
d,0.02455,1.49927115007968,3.57140049803877
d,0.0246,1.50327790581855,3.57275741353054
d,0.02465,1.50272957062613,3.57365152571252
d,0.0247,1.49875544701413,3.57612657678455
d,0.02475,1.49574231392565,3.57279786145588
d,0.0248,1.50449599847285,3.56954794197225
d,0.02485,1.49888013616461,3.56777981089269
d,0.0249,1.4995143580014,3.56848422405739
d,0.02495,1.50144464286641,3.56814192464089
d,0.025,1.49671634712259,3.57226370639384
d,0.02505,1.49985601428327,3.56911943199065
d,0.0251,1.49952897483002,3.57369870596346
d,0.02515,1.501124445057,3.57243922050266
d,0.0252,1.49861296344122,3.57099226903507
d,0.02525,1.49903085594625,3.57044832165845
d,0.0253,1.5031489245371,3.57209994705071
d,0.02535,1.50129519164232,3.57165947217025
d,0.0254,1.50012622476696,3.57010979914465
d,0.02545,1.4914083006759,3.56837463223446
d,0.0255,1.50502830397756,3.56862598172494
d,0.02555,1.49886632000204,3.5709407730877
d,0.0256,1.49661901228867,3.57146928942138
d,0.02565,1.49760329439304,3.57086001417407
d,0.0257,1.49758602792369,3.56859171458728
d,0.02575,1.49632348268406,3.57060378546677
d,0.0258,1.50180445929586,3.57297552351514
d,0.02585,1.49908141129382,3.5703024396699
d,0.0259,1.4997864685658,3.56910017301014
d,0.02595,1.49941343853506,3.57326212128992
d,0.026,1.49809014743454,3.56970972078074
d,0.02605,1.49773213522388,3.57337493459721
d,0.0261,1.50061248062148,3.57108837222532
d,0.02615,1.49985178096186,3.57216888535791
d,0.0262,1.50407510805079,3.57005056485244
d,0.02625,1.50005945414379,3.57269178213855
d,0.0263,1.49868372463561,3.57046898068234
d,0.02635,1.49673524121565,3.57368664717239
d,0.0264,1.50120614561335,3.57022319765309
d,0.02645,1.49913424163118,3.57578322627467
d,0.0265,1.5034110557596,3.57115182035035
d,0.02655,1.49962122346086,3.5699727818223
d,0.0266,1.50103848764748,3.56700031846746
d,0.02665,1.50530195605184,3.5727434326579
d,0.0267,1.49405144612434,3.56981882362189
d,0.02675,1.49400571924918,3.57456870266808
d,0.0268,1.5002697987294,3.57180811411706
d,0.02685,1.49846931135808,3.56890618678768
d,0.0269,1.4997605828767,3.5725328136714
d,0.02695,1.50346687275252,3.56881015050133
d,0.027,1.49765280048889,3.56846811068248
d,0.02705,1.50406360395281,3.56902020182227
d,0.0271,1.49864280973119,3.57525563465268
d,0.02715,1.49736094006331,3.57083738552664
d,0.0272,1.49950214430313,3.57085529066546
d,0.02725,1.49593638709193,3.57308234233895
d,0.0273,1.50163661532855,3.56931259556675
d,0.02735,1.50117583976703,3.5704794118152
d,0.0274,1.49756071011508,3.57333403172241
d,0.02745,1.50172303391335,3.57172841782074
d,0.0275,1.50113758845929,3.57609840322367
d,0.02755,1.50094717463997,3.5694673752879
d,0.0276,1.49595880225164,3.57098358970645
d,0.02765,1.49880356480584,3.56920440044883
d,0.0277,1.50485218363536,3.56874624744385
d,0.02775,1.49696409413115,3.56832598354547
d,0.0278,1.50312059530355,3.57183401574824
d,0.02785,1.49610806519315,3.5715644174995
d,0.0279,1.49645389263838,3.57171219752681
d,0.02795,1.4982663992662,3.57424868917417
d,0.028,1.49618398109818,3.57201431837807
d,0.02805,1.50180947641551,3.57187544324117
d,0.0281,1.49900702850401,3.56795632139602
d,0.02815,1.50221357057441,3.56928271679648
d,0.0282,1.50366563127746,3.56850547159378
d,0.02825,1.50021981922712,3.57094161753225
d,0.0283,1.50304462099169,3.57061525602527
d,0.02835,1.49872902416195,3.57135785135062
d,0.0284,1.50129854520036,3.57052524186447
d,0.02845,1.49777885978217,3.57126512949439
d,0.0285,1.49919941907176,3.57278689966809
d,0.02855,1.49234751699712,3.57202653315947
d,0.0286,1.50232859589465,3.57226677865036
d,0.02865,1.49575897605589,3.57047241427481
d,0.0287,1.50141737709527,3.5718281397898
d,0.02875,1.49369655743883,3.57096709832053
d,0.0288,1.49721938412523,3.56951613089236
d,0.02885,1.50755346994038,3.57037348197003
d,0.0289,1.50163193821579,3.56864758679389
d,0.02895,1.4983981969776,3.57155391802427
d,0.029,1.49725913231451,3.57022929744169
d,0.02905,1.50469964115338,3.57004945755416
d,0.0291,1.49654220662917,3.57097307164773
d,0.02915,1.4975315367405,3.56886010174332
d,0.0292,1.50244857869917,3.57291946589902
d,0.02925,1.50538109628684,3.57351201379489
d,0.0293,1.49774770936585,3.5688137408048
d,0.02935,1.50351981217718,3.56976105356139
d,0.0294,1.50136317064492,3.57135586556493
d,0.02945,1.50125467285086,3.57200948454328
d,0.0295,1.49502679829346,3.57265778381989
d,0.02955,1.49704706177925,3.57476464534454
d,0.0296,1.50129881055894,3.57157475632088
d,0.02965,1.50737815868903,3.57040566399079
d,0.0297,1.49936620309409,3.56855216026911
d,0.02975,1.50271270681359,3.5659752215206
d,0.0298,1.49948875209317,3.57317920143834
d,0.02985,1.50061044000238,3.57006668242131
d,0.0299,1.5005376920264,3.57183700388268
d,0.02995,1.50256850326208,3.57366252484177
d,0.03,1.50129256418065,3.56944505358698
d,0.03005,1.50115332125291,3.57227215624235
d,0.0301,1.50174670276648,3.57121463426452
d,0.03015,1.49618248338699,3.57138015212844
d,0.0302,1.49997665154406,3.57024674815097
d,0.03025,1.49662573700948,3.57050657161855
d,0.0303,1.49491500185129,3.57172151598638
d,0.03035,1.502437911991,3.57095800236372
d,0.0304,1.50242943257111,3.57484232091649
d,0.03045,1.49761345437327,3.5717401962751
d,0.0305,1.50073192249521,3.57012046352727
d,0.03055,1.49477478165658,3.57083661730479
d,0.0306,1.50244487715218,3.57278384075425
d,0.03065,1.49679996019781,3.56929957179608
d,0.0307,1.49994195118805,3.57653408451373
d,0.03075,1.50018369267987,3.5677510007533
d,0.0308,1.50207106944863,3.57110803866488
d,0.03085,1.49935821342096,3.57187493968065
d,0.0309,1.49528188460662,3.57141570875349
d,0.03095,1.49782727660776,3.57188724826594
d,0.031,1.49642962599882,3.57344894087227
d,0.03105,1.49548116196092,3.57251826040129
d,0.0311,1.49753406323862,3.57033794914629
d,0.03115,1.49500500472884,3.57033608201937
d,0.0312,1.50722510827618,3.57154474543836
d,0.03125,1.50080230447477,3.57620957237457
d,0.0313,1.50151958668394,3.56755136294804
d,0.03135,1.49905419246038,3.56825162525428
d,0.0314,1.50652305305391,3.57533560670087
d,0.03145,1.49621765404064,3.57017059337289
d,0.0315,1.50144106492354,3.57309960778842
d,0.03155,1.49564920728857,3.57270880278725
d,0.0316,1.50035359110242,3.56907106751828
d,0.03165,1.49859510285914,3.57270130071158
d,0.0317,1.49757486646355,3.56951456387458
d,0.03175,1.50329600290035,3.5730246625853
d,0.0318,1.49687108394919,3.57196472050477
d,0.03185,1.50287699146212,3.57435131871585
d,0.0319,1.49954571604167,3.56903148581641
d,0.03195,1.49502328784021,3.57374389438762
d,0.032,1.50028370609,3.57349859149795
d,0.03205,1.50211311766777,3.57067278073352
d,0.0321,1.49632289552355,3.56979381981264
d,0.03215,1.50038714778189,3.57054390800789
d,0.0322,1.50325331809182,3.57083354165021
d,0.03225,1.499503192849,3.57346549038409
d,0.0323,1.49913259213996,3.57124027551193
d,0.03235,1.50340906351971,3.57135156712132
d,0.0324,1.49974492353018,3.5715587130446
d,0.03245,1.49643378308693,3.57178073198495
d,0.0325,1.49992994194879,3.57024269008466
d,0.03255,1.505510059231,3.57097294229492
d,0.0326,1.49692182994715,3.57338951581595
d,0.03265,1.49984790440605,3.57205251146798
d,0.0327,1.50443360805789,3.57621888449906
d,0.03275,1.50262160919578,3.57502730670372
d,0.0328,1.49479544647599,3.5669718881859
d,0.03285,1.4928974717718,3.57253423828086
d,0.0329,1.4980820969024,3.57160619811933
d,0.03295,1.49847474142,3.57521431109676
d,0.033,1.50096376265135,3.5708095292536
d,0.03305,1.50263274267289,3.5730595680261
d,0.0331,1.50111973274059,3.56959296953189
d,0.03315,1.49814022715108,3.56979407114992
d,0.0332,1.50221177331841,3.56660140931971
d,0.03325,1.50349151034807,3.57187130150002
d,0.0333,1.49804134056077,3.56982976174691
d,0.03335,1.50728371064952,3.57462276187304
d,0.0334,1.50257822906009,3.56678547675697
d,0.03345,1.48991893180207,3.57068769123537
d,0.0335,1.49963550444395,3.57038774997146
d,0.03355,1.49358677679686,3.56976442585655
d,0.0336,1.49942354091295,3.57067132434622
d,0.03365,1.49803804723542,3.57593155693857
d,0.0337,1.50240858617119,3.56986079723763
d,0.03375,1.49869731583317,3.56866089479602
d,0.0338,1.49631620155461,3.57392614987134
d,0.03385,1.50453227675924,3.57187803246489
d,0.0339,1.50022024466354,3.57156336291156
d,0.03395,1.50102195929208,3.57024358048202
d,0.034,1.50903778514348,3.57120945100929
d,0.03405,1.49756492560621,3.56788226726414
d,0.0341,1.4996092154156,3.57270928994306
d,0.03415,1.49799799642826,3.57273676483832
d,0.0342,1.49761860939689,3.5719364965156
d,0.03425,1.5022121078193,3.56830496669719
d,0.0343,1.50276452652812,3.57113198797969
d,0.03435,1.50318396876378,3.57165197469047
d,0.0344,1.49917295566451,3.56997053958348
d,0.03445,1.49714933639692,3.5720745512288
d,0.0345,1.50147365194128,3.5707213490991
d,0.03455,1.4956930862541,3.57085298473881
d,0.0346,1.49956580427472,3.57268903755135
d,0.03465,1.49897743502208,3.57056927988584
d,0.0347,1.49540935952921,3.57329636985505
d,0.03475,1.49938703394143,3.57154022614567
d,0.0348,1.49930496373684,3.56787708662944
d,0.03485,1.49826208021139,3.56994353303071
d,0.0349,1.49994300658605,3.57186110372714
d,0.03495,1.49867523716579,3.56978001147808
d,0.035,1.50150718364661,3.57426264034427
d,0.03505,1.50180002975448,3.5744291034129
d,0.0351,1.49672052898381,3.57368446756158
d,0.03515,1.5014670918254,3.56628267198522
d,0.0352,1.50410446044468,3.57023455682338
d,0.03525,1.50182358712728,3.56848239421062
d,0.0353,1.49824689502839,3.57186205471607
d,0.03535,1.50634316228122,3.57433230021226
d,0.0354,1.5014635252855,3.57066977321187
d,0.03545,1.49940303832088,3.56842438099141
d,0.0355,1.50624640397041,3.57100416594897
d,0.03555,1.50411565815693,3.57339107760007
d,0.0356,1.49743414146942,3.57329001134561
d,0.03565,1.49940610590439,3.57589429456575
d,0.0357,1.49897712656384,3.57375087285486
d,0.03575,1.49953591079973,3.57452798788461
d,0.0358,1.49693650613358,3.57100097877505
d,0.03585,1.50116518707847,3.57223525121147
d,0.0359,1.50178233299801,3.57234785348231
d,0.03595,1.50509286006012,3.57391285094871
d,0.036,1.5011353097484,3.5698997733824
d,0.03605,1.50047328082157,3.57141711479154
d,0.0361,1.5020355945444,3.56950337512989
d,0.03615,1.50101807752818,3.57198356645743
d,0.0362,1.49897574048875,3.56883841238918
d,0.03625,1.50142101836594,3.57188998903483
d,0.0363,1.49848952973341,3.57383058658529
d,0.03635,1.49989515327174,3.57226067227646
d,0.0364,1.49818520905002,3.57134611454763
d,0.03645,1.50117810900771,3.5682877421377
d,0.0365,1.5042450386672,3.57122146145728
d,0.03655,1.50043124262438,3.57555211363338
d,0.0366,1.49984017731215,3.57214247229535
d,0.03665,1.50136714878722,3.56892952101241
d,0.0367,1.50318726226073,3.57238196325333
d,0.03675,1.51424152336309,3.57305882514352
d,0.0368,1.50093610164466,3.57276248518754
d,0.03685,1.50071159998135,3.57262351870696
d,0.0369,1.50376878028796,3.57086706462579
d,0.03695,1.49902193018513,3.57248834949887
d,0.037,1.49788101057332,3.57010604332698
d,0.03705,1.50191680475637,3.57394536347505
d,0.0371,1.49738136002443,3.56956006135953
d,0.03715,1.49535593341329,3.57259497204743
d,0.0372,1.50233729936048,3.5732125039611
d,0.03725,1.50186552619846,3.57183518928143
d,0.0373,1.50469170183728,3.57412961861376
d,0.03735,1.4992669760336,3.57518173523415
d,0.0374,1.5017357929941,3.57139877858484
d,0.03745,1.5042543208855,3.57190615324745
d,0.0375,1.50117337137426,3.5765860196168
d,0.03755,1.50102369084892,3.56978449308618
d,0.0376,1.50338988983225,3.57059966563293
d,0.03765,1.49924858374385,3.56579465430667
d,0.0377,1.50686960608097,3.57355541338972
d,0.03775,1.49921931175852,3.57061371116174
d,0.0378,1.49771989454755,3.57293416868117
d,0.03785,1.50397655396379,3.5714555870874
d,0.0379,1.49905691302693,3.57136848185733
d,0.03795,1.49762181899661,3.57153923967926
d,0.038,1.50329355724479,3.56969908164938
d,0.03805,1.50281275839228,3.57035303391481
d,0.0381,1.49947276924417,3.57274079670814
d,0.03815,1.49852011910273,3.57221473471592
d,0.0382,1.49510089753609,3.56909127195508
d,0.03825,1.49567749193527,3.57394703108449
d,0.0383,1.49840867568476,3.56885935242787
d,0.03835,1.49601907464762,3.57514753889627
d,0.0384,1.50081242864434,3.56980148055661
d,0.03845,1.49850466411999,3.57385570248871
d,0.0385,1.50063669809305,3.56986676768779
d,0.03855,1.50110868826862,3.57005530412382
d,0.0386,1.4977542821837,3.56794973030179
d,0.03865,1.50248499000584,3.56859496769783
d,0.0387,1.49902550592918,3.57070527359389
d,0.03875,1.4984084349639,3.57087816018424
d,0.0388,1.50439969773284,3.56873346629058
d,0.03885,1.50069327000912,3.5703122885855
d,0.0389,1.49901754328959,3.57048257810425
d,0.03895,1.50143175599126,3.57158173645934
d,0.039,1.50382441749671,3.57298640489801
d,0.03905,1.49632148137364,3.57164187698846
d,0.0391,1.49774980933225,3.57355932258172
d,0.03915,1.50063848414395,3.57436936051724
d,0.0392,1.50089990532033,3.56969949630443
d,0.03925,1.50192226540983,3.56988594157371
d,0.0393,1.50272805442768,3.56998934589971
d,0.03935,1.50335109302135,3.57422551927283
d,0.0394,1.50331793898253,3.57321797908452
d,0.03945,1.49647657208192,3.56998242060475
d,0.0395,1.49960497377254,3.56939082586617
d,0.03955,1.49422514587508,3.56578677892172
d,0.0396,1.50096008735937,3.57171422680049
d,0.03965,1.49652238533641,3.57004162651318
d,0.0397,1.49426995872801,3.57300324030871
d,0.03975,1.49801779548454,3.57366482131
d,0.0398,1.50033350132793,3.57099576990923
d,0.03985,1.50848773407014,3.57265021642457
d,0.0399,1.50062120495383,3.57139073041401
d,0.03995,1.49970859890062,3.57271960798382
d,0.04,1.50006400040735,3.57011930853313
d,0.04005,1.50372369817379,3.57296963999492
d,0.0401,1.49782308827898,3.57024976198761
d,0.04015,1.50419950520666,3.57110744304844
d,0.0402,1.50090169542465,3.57157486323162
d,0.04025,1.50117915869969,3.57230145372919
d,0.0403,1.49886752183993,3.56860324418847
d,0.04035,1.49516009827572,3.57355416749328
d,0.0404,1.49939442988303,3.57116873858122
d,0.04045,1.50441885176717,3.57069542300604
d,0.0405,1.49863785166608,3.56789814975749
d,0.04055,1.50398849688366,3.57000011503356
d,0.0406,1.50319028797081,3.57064430690461
d,0.04065,1.50505436829161,3.57422991802327
d,0.0407,1.5020130498863,3.56958950966439
d,0.04075,1.49763573399199,3.57034051045522
d,0.0408,1.49951471154351,3.56924304312855
d,0.04085,1.49664029991759,3.57250263573875
d,0.0409,1.50201871421755,3.57197391521958
d,0.04095,1.50281068494766,3.56996580503034
d,0.041,1.49900669432555,3.56766659487905
d,0.04105,1.50203284968323,3.57185095528093
d,0.0411,1.49994911682921,3.56906241944391
d,0.04115,1.4924906061288,3.56999530329125
d,0.0412,1.49890804462796,3.56691845490802
d,0.04125,1.49953215100001,3.56803994686031
d,0.0413,1.5006151933174,3.57172328380215
d,0.04135,1.50075595679898,3.5707245438176
d,0.0414,1.49709592444973,3.57071976712639
d,0.04145,1.4951376665385,3.57076413244818
d,0.0415,1.50224795839923,3.57228530124367
d,0.04155,1.50018126250686,3.57232492454052
d,0.0416,1.50218566516873,3.56888386614751
d,0.04165,1.4975365560804,3.57210983073388
d,0.0417,1.49537741790442,3.56927685915822
d,0.04175,1.49780671522215,3.5692449607429
d,0.0418,1.50474051274424,3.57307083572435
d,0.04185,1.49733185933012,3.57417032874498
d,0.0419,1.49954513704266,3.570260380425
d,0.04195,1.50006777891065,3.57170776573825
d,0.042,1.50236401468558,3.57107824576219
d,0.04205,1.49266267350686,3.56892387717044
d,0.0421,1.49841283005622,3.57400934113593
d,0.04215,1.49986744744278,3.56978834353079
d,0.0422,1.49931200055636,3.57201954908928
d,0.04225,1.50551183100557,3.57065834389453
d,0.0423,1.50013394577358,3.57226029059191
d,0.04235,1.50727510353212,3.56897472205992
d,0.0424,1.49920810442057,3.56747180298454
d,0.04245,1.50035830029714,3.57162662153744
d,0.0425,1.49983192905221,3.57137073590771
d,0.04255,1.50221887656571,3.57264935046896
d,0.0426,1.49921974557993,3.57130025230487
d,0.04265,1.50406450943014,3.5689860608257
d,0.0427,1.50051090215331,3.56794147145975
d,0.04275,1.50529924007649,3.56766817105964
d,0.0428,1.49729936738985,3.57122346018872
d,0.04285,1.50651273761474,3.57559616210305
d,0.0429,1.50485640404129,3.57262241070999
d,0.04295,1.49967940636365,3.57361513451811
d,0.043,1.50390004443024,3.57016617008008
d,0.04305,1.5053322667519,3.57068864086836
d,0.0431,1.4980327680343,3.56893423528421
d,0.04315,1.49822952245836,3.57445553326029
d,0.0432,1.50236398274386,3.5727131896665
d,0.04325,1.50048541063889,3.57252644580295
d,0.0433,1.49837027995359,3.57263955469994
d,0.04335,1.49992911071723,3.57120904254468
d,0.0434,1.501840035462,3.57100297334857
d,0.04345,1.49737979894924,3.5726377477544
d,0.0435,1.50319595876154,3.5707841859317
d,0.04355,1.50235436100628,3.5739435681116
d,0.0436,1.49569512888354,3.57278724268122
d,0.04365,1.4986566146661,3.57028810136145
d,0.0437,1.50026685857316,3.57316294117813
d,0.04375,1.49746287454787,3.56820236451303
d,0.0438,1.49861954816787,3.57403408150849
d,0.04385,1.49917855478315,3.57292518090122
d,0.0439,1.50353764864955,3.57351180611955
d,0.04395,1.50013541650378,3.572541753471
d,0.044,1.49910616415415,3.56897576460577
d,0.04405,1.49846199030063,3.57241732511911
d,0.0441,1.50174011768084,3.56898499287592
d,0.04415,1.50134936332314,3.57215189750641
d,0.0442,1.49933752066953,3.56912814777017
d,0.04425,1.50346655587178,3.57178991816005
d,0.0443,1.49803294315972,3.57417093165719
d,0.04435,1.49958323514083,3.56960214770804
d,0.0444,1.50212734688415,3.57184745581379
d,0.04445,1.49679418333427,3.57030103393304
d,0.0445,1.50128237747086,3.57226336453277
d,0.04455,1.49740163041278,3.56878282340114
d,0.0446,1.50271941327867,3.57412624688989
d,0.04465,1.49516948579388,3.56949219406868
d,0.0447,1.50271278649615,3.57149550829912
d,0.04475,1.49808614830295,3.57128335744642
d,0.0448,1.50359755475801,3.56965189541475
d,0.04485,1.4993901756961,3.57303715551252
d,0.0449,1.49956741805132,3.57247118973145
d,0.04495,1.49570319931002,3.57000689345473
d,0.045,1.49960305918275,3.57040572999514
d,0.04505,1.49517219108675,3.57092818178092
d,0.0451,1.50040552941635,3.57111859841493
d,0.04515,1.50133809898322,3.57238488373644
d,0.0452,1.49802282454845,3.57002217294281
d,0.04525,1.50014714641205,3.57155264588782
d,0.0453,1.50321035136539,3.56958751242977
d,0.04535,1.49949345848029,3.57192481859079
d,0.0454,1.50012267936455,3.57532607752906
d,0.04545,1.50116401141375,3.56826680132797
d,0.0455,1.49769977364179,3.57037203562499
d,0.04555,1.49527490431739,3.57049075314234
d,0.0456,1.50014253879312,3.57318271004905
d,0.04565,1.49865200242025,3.57420166229615
d,0.0457,1.49209236063865,3.56970738268112
d,0.04575,1.49952194004053,3.57456860566477
d,0.0458,1.49974173575536,3.57287307942583
d,0.04585,1.49977985427566,3.57365675418654
d,0.0459,1.49986388434285,3.571943680164
d,0.04595,1.49821762585074,3.57196623155683
d,0.046,1.50219201092103,3.57018619841971
d,0.04605,1.49988214443542,3.57406342116832
d,0.0461,1.50045636457111,3.5704694118287
d,0.04615,1.49716367076046,3.56828003009335
d,0.0462,1.50525868130802,3.57208924568366
d,0.04625,1.50147814888347,3.57198362528091
d,0.0463,1.49495223630405,3.57155371957631
d,0.04635,1.50036581944662,3.5717896927884
d,0.0464,1.49726465974362,3.57342284962266
d,0.04645,1.49718248371654,3.57198256798419
d,0.0465,1.49474170325609,3.56905293283654
d,0.04655,1.4973506726168,3.56955075062895
d,0.0466,1.49895273998724,3.57030310860791
d,0.04665,1.49913587453919,3.57272790580726
d,0.0467,1.49597592579445,3.57320535372729
d,0.04675,1.50150384535412,3.56917925714032
d,0.0468,1.50180858641661,3.5710784894037
d,0.04685,1.49869291097102,3.57403194219344
d,0.0469,1.50073568439375,3.56959487239397
d,0.04695,1.50423281308118,3.56949556679874
d,0.047,1.49931509315489,3.56940580332019
d,0.04705,1.50225251115613,3.57419519053408
d,0.0471,1.49990562551335,3.57371190897815
d,0.04715,1.50968046091739,3.56741268295785
d,0.0472,1.49919946252036,3.57263193067141
d,0.04725,1.50046988154403,3.57411908686291
d,0.0473,1.50340247666779,3.56964755686321
d,0.04735,1.49994177466545,3.57140823590597
d,0.0474,1.50281926625415,3.57317073556582
d,0.04745,1.49960073122969,3.57339704578979
d,0.0475,1.49781380538243,3.57039369612063
d,0.04755,1.50205915043678,3.57273036893912
d,0.0476,1.50165794139833,3.57112409120052
d,0.04765,1.49603878985376,3.56790457249852
d,0.0477,1.49966402484048,3.57084317648571
d,0.04775,1.50543456724884,3.57606737523015
d,0.0478,1.50056961240321,3.57011984338925
d,0.04785,1.49959141224343,3.5712539281381
d,0.0479,1.50198475792568,3.57213262435132
d,0.04795,1.4942110783042,3.57211932922425
d,0.048,1.50115889836105,3.57367157228278
d,0.04805,1.50137344109827,3.57359156166248
d,0.0481,1.50016206635159,3.5709533446141
d,0.04815,1.50540571614511,3.57244904208402
d,0.0482,1.50519388502435,3.57030440023947
d,0.04825,1.501023274299,3.57215672684124
d,0.0483,1.4992226654051,3.57331944986273
d,0.04835,1.49923268352673,3.57048908436847
d,0.0484,1.5030888589547,3.57498354742086
d,0.04845,1.4998262673834,3.57225496570383
d,0.0485,1.497306583476,3.57144352515796
d,0.04855,1.49709840011431,3.57519391695179
d,0.0486,1.4993405828097,3.5700099276687
d,0.04865,1.50066076722462,3.56972386132003
d,0.0487,1.5001227537079,3.56986433933235
d,0.04875,1.49696542685298,3.57018526871496
d,0.0488,1.50080695243186,3.57170614734073
d,0.04885,1.49855182265352,3.57213099627601
d,0.0489,1.49496273740526,3.57226382402293
d,0.04895,1.50198596533069,3.56965723760859
d,0.049,1.49750852659961,3.57223771901412
d,0.04905,1.50027134999094,3.57148125430943
d,0.0491,1.50154129546925,3.57375349191048
d,0.04915,1.50327439831341,3.57157778030512
d,0.0492,1.50100005251039,3.56821534506236
d,0.04925,1.49615971923501,3.57203441994974
d,0.0493,1.49747358617961,3.56852789265268
d,0.04935,1.49863205638527,3.57210904561897
d,0.0494,1.49704129387913,3.56937438323308
d,0.04945,1.50201954359878,3.57037788289844
d,0.0495,1.49769263491347,3.57206319035725
d,0.04955,1.50206631350951,3.5720127399522
d,0.0496,1.49654511542552,3.57033829766
d,0.04965,1.4972650031568,3.57243244098541
d,0.0497,1.49927092340692,3.57129243796041
d,0.04975,1.49705185157921,3.5713220765282
d,0.0498,1.50254278079189,3.57079958623402
d,0.04985,1.50604347704826,3.57397416198284
d,0.0499,1.50021749960954,3.57339122365058
d,0.04995,1.50268914925953,3.56963264117967
d,0.05,1.49936240566545,3.5737400255531
q,0,1.79976999411538,0.0016507764545072
q,5e-05,1.80675230821235,0.24052619566538
q,0.0001,1.79526232900807,0.470003896905485
q,0.00015,1.8001669799403,0.685857820894188
q,0.0002,1.79822719021116,0.890465104213082
q,0.00025,1.80206525654436,1.08356904253253
q,0.0003,1.79624333911482,1.26582806966416
q,0.00035,1.7997989141459,1.43224618221801
q,0.0004,1.80352862674309,1.59731792091706
q,0.00045,1.79648226875053,1.75068325980223
q,0.0005,1.79840173742558,1.8948172281888
q,0.00055,1.80210832084794,2.03231646068348
q,0.0006,1.79808189782664,2.15934246146001
q,0.00065,1.79811820315053,2.2815278505961
q,0.0007,1.79868920168215,2.38965356657051
q,0.00075,1.79949606052397,2.49817115724564
q,0.0008,1.80117137500406,2.60018806774077
q,0.00085,1.80263641707533,2.69843256588465
q,0.0009,1.79867391486066,2.78869224031626
q,0.00095,1.80181638763217,2.87086836977476
q,0.001,1.79800425376761,2.95228186941816
q,0.00105,1.79792571885645,3.02785305121708
q,0.0011,1.80195358895393,3.09976576266036
q,0.00115,1.80765397407565,3.16539435729576
q,0.0012,1.79954826595322,3.22738722822846
q,0.00125,1.79768086629297,3.28711540358075
q,0.0013,1.79573209606371,3.3457205648297
q,0.00135,1.7998741887008,3.39824778044507
q,0.0014,1.80101113406076,3.4483208874162
q,0.00145,1.79878014377587,3.4954896417717
q,0.0015,1.79979625959552,3.54240551263637
q,0.00155,1.79855092507059,3.58004174964136
q,0.0016,1.80024470928851,3.62406249417021
q,0.00165,1.79878894763585,3.66412420227786
q,0.0017,1.79710617865188,3.6994838651504
q,0.00175,1.80309029495144,3.72517497154618
q,0.0018,1.80202463231884,3.75865317886451
q,0.00185,1.79734081181918,3.78970973914692
q,0.0019,1.80470252656124,3.8194723503472
q,0.00195,1.79866289499814,3.84621635551161
q,0.002,1.80263895487753,3.8670517513085
q,0.00205,1.79341163705405,3.89519728497217
q,0.0021,1.79880387420868,3.9152160056538
q,0.00215,1.80141117328402,3.93558025582383
q,0.0022,1.80032993181906,3.96060754727004
q,0.00225,1.80281781320725,3.97504890214997
q,0.0023,1.80313472201209,3.9931832534298
q,0.00235,1.80209494186643,4.0109715738637
q,0.0024,1.79621164195672,4.02436099612713
q,0.00245,1.80145277310003,4.03731285733919
q,0.0025,1.80139880680701,4.05501567657194
q,0.00255,1.80036562601828,4.06847997453943
q,0.0026,1.80285989957305,4.07680232390062
q,0.00265,1.80029524333774,4.09307756817582
q,0.0027,1.80000286680491,4.10343918311676
q,0.00275,1.80017441001115,4.1107095106245
q,0.0028,1.80151566472465,4.12134128308244
q,0.00285,1.80195133923324,4.13134743551462
q,0.0029,1.80212697750864,4.14279287040214
q,0.00295,1.79775643334561,4.15002158893689
q,0.003,1.79824276848855,4.15912594114465
q,0.00305,1.79904502073583,4.16242934377129
q,0.0031,1.8036204032744,4.17008829871964
q,0.00315,1.79968960542597,4.17690734723775
q,0.0032,1.79866901597449,4.18343369852627
q,0.00325,1.7946236928061,4.19174797311893
q,0.0033,1.79923092376022,4.19682798941701
q,0.00335,1.79636122368169,4.19862394647586
q,0.0034,1.80430072076082,4.20477675873379
q,0.00345,1.79929815476029,4.20992630976247
q,0.0035,1.7981530089217,4.21357200137566
q,0.00355,1.8002570190358,4.21607654994961
q,0.0036,1.80186881623469,4.22082989334002
q,0.00365,1.79818415200998,4.22596303545443
q,0.0037,1.80103238769133,4.23037028619922
q,0.00375,1.7995698355477,4.23085995840787
q,0.0038,1.79740153496554,4.23829903687292
q,0.00385,1.79976553610112,4.2372000516906
q,0.0039,1.79926835181687,4.23641947868322
q,0.00395,1.79709057314604,4.24207629546646
q,0.004,1.79995712838368,4.24523686690143
q,0.00405,1.80201108681556,4.24909601022997
q,0.0041,1.79592489720674,4.2495063185712
q,0.00415,1.80130652319016,4.24937781401355
q,0.0042,1.80161783794528,4.25305946895714
q,0.00425,1.80448134825736,4.25370184947743
q,0.0043,1.80175275767303,4.26020445112249
q,0.00435,1.79950737804298,4.25503474460645
q,0.0044,1.80053408257757,4.2603136424048
q,0.00445,1.79865782848199,4.26263946752244
q,0.0045,1.8002674648446,4.26258420771232
q,0.00455,1.80197452297609,4.26541484089022
q,0.0046,1.80119212307086,4.26683843941697
q,0.00465,1.79939098149405,4.26730958866795
q,0.0047,1.80333856366056,4.26582708126037
q,0.00475,1.79846027165966,4.26836079048502
q,0.0048,1.80145485861497,4.26809675493262
q,0.00485,1.79666071303562,4.26722105440002
q,0.0049,1.80486141121064,4.27306163504841
q,0.00495,1.80069124117929,4.2741163133675
q,0.005,1.80133312017691,4.27070587384091
q,0.00505,1.80103158062604,4.27346530145183
q,0.0051,1.79993141410827,4.27603023389918
q,0.00515,1.79918997907695,4.27647213098843
q,0.0052,1.79381564573891,4.27150890189612
q,0.00525,1.80211590469932,4.2794076575061
q,0.0053,1.79895468732482,4.27751791568711
q,0.00535,1.80199540604348,4.27643426572463
q,0.0054,1.79938907209312,4.27911839693365
q,0.00545,1.80131378235691,4.28108693085847
q,0.0055,1.7996263273831,4.27904074604332
q,0.00555,1.80157156388832,4.28091217640845
q,0.0056,1.80324791274271,4.27817226221997
q,0.00565,1.80377818188319,4.28095481596047
q,0.0057,1.80079084194187,4.28081003514567
q,0.00575,1.80209417392253,4.27932948551906
q,0.0058,1.80079899748292,4.28113919717007
q,0.00585,1.80187163192762,4.28143694444873
q,0.0059,1.80097914979715,4.28414833422421
q,0.00595,1.79842413673386,4.28552367537972
q,0.006,1.80255492967724,4.27962397090126
q,0.00605,1.8051221783472,4.28430054887041
q,0.0061,1.80240607029914,4.28365798513427
q,0.00615,1.79753042929162,4.28440079420167
q,0.0062,1.7959224102649,4.2834001482947
q,0.00625,1.79672927234471,4.28339665053011
q,0.0063,1.79967120382022,4.28525877292166
q,0.00635,1.80208443397218,4.28600659106116
q,0.0064,1.80218067048266,4.28580509558282
q,0.00645,1.79767169112617,4.28054711895778
q,0.0065,1.79711618718845,4.28429035051374
q,0.00655,1.79937835690124,4.28258298587176
q,0.0066,1.79670143940767,4.28429312324089
q,0.00665,1.80018692149845,4.28621730958048
q,0.0067,1.79990660640157,4.28466380530932
q,0.00675,1.80049135931331,4.27937920416374
q,0.0068,1.80126735417314,4.28282760543635
q,0.00685,1.8008060904731,4.28410199436043
q,0.0069,1.80004046992345,4.28611755679762
q,0.00695,1.80313977886925,4.28495607425247
q,0.007,1.80365189302484,4.28515037807088
q,0.00705,1.79705832171941,4.28559762180326
q,0.0071,1.80136110326052,4.28150287057329
q,0.00715,1.80041256423668,4.28698341472907
q,0.0072,1.7933923766537,4.28323900445298
q,0.00725,1.80091282386341,4.28226822200481
q,0.0073,1.79745800750331,4.28668815998852
q,0.00735,1.80271435162003,4.28155181761516
q,0.0074,1.80698764379423,4.28627054686855
q,0.00745,1.79816415822035,4.28576173688614
q,0.0075,1.80101021304867,4.28483917180788
q,0.00755,1.79895847359574,4.28133588610689
q,0.0076,1.80397872448901,4.28430904001682
q,0.00765,1.79704918868315,4.2820502590689
q,0.0077,1.80231636488018,4.28373967930252
q,0.00775,1.79834164301679,4.28534573673363
q,0.0078,1.79867509595603,4.2825858633755
q,0.00785,1.79749058378689,4.28504216965147
q,0.0079,1.80185522999005,4.28811471645971
q,0.00795,1.80180113743027,4.28625135588035
q,0.008,1.80274162654357,4.28878491743816
q,0.00805,1.80420998288485,4.28538732435826
q,0.0081,1.79910408904448,4.28794931779862
q,0.00815,1.79412858695483,4.28642677581262
q,0.0082,1.79646446767583,4.28821221927276
q,0.00825,1.80250155281824,4.28622453856995
q,0.0083,1.80718845156132,4.286040778448
q,0.00835,1.80514435414005,4.28501095884098
q,0.0084,1.7989417841936,4.28573414543811
q,0.00845,1.7998283528198,4.28617133770679
q,0.0085,1.8007643147905,4.28270299183969
q,0.00855,1.7983455356889,4.28530977604659
q,0.0086,1.79647758403331,4.28356122892969
q,0.00865,1.79772965376048,4.28575957022213
q,0.0087,1.80564410302632,4.2861042144772
q,0.00875,1.79871032677232,4.28272491477536
q,0.0088,1.79560264882371,4.28558574091601
q,0.00885,1.80008684898992,4.28208907218818
q,0.0089,1.80021315370224,4.28802003994536
q,0.00895,1.800328893276,4.28351404002325
q,0.009,1.79920890777865,4.28390718485816
q,0.00905,1.80359538266837,4.28581421939551
q,0.0091,1.79824697516895,4.28489481421506
q,0.00915,1.80122388008655,4.28662364940757
q,0.0092,1.80619256302451,4.28433306537211
q,0.00925,1.79928397822182,4.28565135690181
q,0.0093,1.80152108617011,4.28564733133639
q,0.00935,1.80240989596897,4.28394600428407
q,0.0094,1.79823707622273,4.28404407933628
q,0.00945,1.80298106944337,4.28749374568259
q,0.0095,1.7949211948294,4.28692718238647
q,0.00955,1.80181672781152,4.28450337902615
q,0.0096,1.79706143820861,4.28792392783035
q,0.00965,1.79923582750661,4.28432388330259
q,0.0097,1.79745275806263,4.28286181713483
q,0.00975,1.7967699691362,4.28748405355162
q,0.0098,1.79748574615904,4.28767999603718
q,0.00985,1.8038026441484,4.28855815875654
q,0.0099,1.79820213430335,4.2876840284866
q,0.00995,1.79960523570704,4.28486292698732
q,0.01,1.80621112463507,4.28596554017744
q,0.01005,1.79971703086482,4.28573664205267
q,0.0101,1.79744814564353,4.28511297816435
q,0.01015,1.79925898339024,4.28638291576022
q,0.0102,1.80421961684055,4.28204712413438
q,0.01025,1.79888198698429,4.28595817391885
q,0.0103,1.80223820010478,4.28284910031421
q,0.01035,1.79947027596958,4.2870150672859
q,0.0104,1.799369865201,4.28496523748596
q,0.01045,1.79883197535868,4.28333693601478
q,0.0105,1.79409156589249,4.28591936249504
q,0.01055,1.79898688295188,4.28438146027196
q,0.0106,1.79754715922323,4.28587958106005
q,0.01065,1.80557942519705,4.28550407646995
q,0.0107,1.7999502470009,4.28731307337495
q,0.01075,1.79896364199847,4.28530647719422
q,0.0108,1.80595882764349,4.28293856103118
q,0.01085,1.8023840728532,4.28658995289746
q,0.0109,1.79687531120437,4.28931592923521
q,0.01095,1.80109758701842,4.28580894289802
q,0.011,1.79501201885592,4.28533400358705
q,0.01105,1.79698163501528,4.28532458349029
q,0.0111,1.80138430723383,4.28343255779762
q,0.01115,1.79976162821403,4.28506458596813
q,0.0112,1.79793180284289,4.2838886930354
q,0.01125,1.79624039132234,4.2832457489673
q,0.0113,1.8035588105567,4.28616144773076
q,0.01135,1.79638847049057,4.28710716500449
q,0.0114,1.801141307068,4.2879944032492
q,0.01145,1.79358778820849,4.28530980644317
q,0.0115,1.80133697546642,4.2850828207784
q,0.01155,1.79601212784481,4.28499875552902
q,0.0116,1.80053140008758,4.28602452238316
q,0.01165,1.79817084935198,4.28359809127211
q,0.0117,1.79560437790385,4.28374400780865
q,0.01175,1.79794885864859,4.28749810797163
q,0.0118,1.80022661093794,4.28387028135684
q,0.01185,1.80093023434242,4.28409711134213
q,0.0119,1.80150443712626,4.28343560716061
q,0.01195,1.8043436883446,4.285526379268
q,0.012,1.8054526439735,4.28395113668822
q,0.01205,1.79852535330003,4.28574853501105
q,0.0121,1.79868227667265,4.28754313311659
q,0.01215,1.79969488150503,4.28732992245688
q,0.0122,1.80386429168924,4.28576684677914
q,0.01225,1.79956088454159,4.28582480928453
q,0.0123,1.79907501544749,4.2872837317751
q,0.01235,1.79708441416224,4.28797064693653
q,0.0124,1.7998607594437,4.28463603743952
q,0.01245,1.79942682774738,4.28780158025658
q,0.0125,1.79878178862251,4.28304289739028
q,0.01255,1.79784769200418,4.28399298671627
q,0.0126,1.80353863783533,4.28396165562125
q,0.01265,1.80120100310799,4.2840882184234
q,0.0127,1.7968320112165,4.28727943403681
q,0.01275,1.80502112194863,4.2874511368094
q,0.0128,1.80203015176074,4.28688734593158
q,0.01285,1.80320589294651,4.28624228821813
q,0.0129,1.80176586764194,4.28728072815126
q,0.01295,1.80182603087898,4.28689930761381
q,0.013,1.80428774711102,4.28409310408206
q,0.01305,1.80326379614681,4.28580919874245
q,0.0131,1.80082567119689,4.28628040067916
q,0.01315,1.80173535384652,4.28190450950851
q,0.0132,1.79942730805981,4.28456144926633
q,0.01325,1.79820352978179,4.28848224241111
q,0.0133,1.80043327910982,4.28597728546433
q,0.01335,1.79746846968416,4.28436167756552
q,0.0134,1.7975963068081,4.28375259054891
q,0.01345,1.80211199481768,4.2853832485752
q,0.0135,1.7996267083454,4.2871497342872
q,0.01355,1.80367451004393,4.28587617506091
q,0.0136,1.79757472190574,4.28504463981209
q,0.01365,1.79609042012422,4.2870040050563
q,0.0137,1.80129682754301,4.28668553979985
q,0.01375,1.803584135425,4.28434023790199
q,0.0138,1.80175295177174,4.28617410643428
q,0.01385,1.80193779003673,4.28571711215319
q,0.0139,1.80265404409037,4.28574745515313
q,0.01395,1.80140633961074,4.28682607838091
q,0.014,1.803475232265,4.28740858550701
q,0.01405,1.79815950538024,4.28540397265908
q,0.0141,1.80260165769011,4.28485592612835
q,0.01415,1.80057689666468,4.28454383535825
q,0.0142,1.80137874938996,4.28927605200677
q,0.01425,1.80052853355239,4.28562208039828
q,0.0143,1.80103103423379,4.28659016152494
q,0.01435,1.80477661680562,4.28686059099959
q,0.0144,1.8025801265773,4.28364172487926
q,0.01445,1.79971532448901,4.28546662321906
q,0.0145,1.79950748046674,4.287881262899
q,0.01455,1.80054048386992,4.28154244590911
q,0.0146,1.80539629051042,4.2863264587004
q,0.01465,1.80471832007628,4.28295686299588
q,0.0147,1.80019822223941,4.28615108380543
q,0.01475,1.79643691333979,4.28870800103263
q,0.0148,1.80424559086104,4.28281230967848
q,0.01485,1.79671795242591,4.28500701687285
q,0.0149,1.7984392358788,4.28627769028139
q,0.01495,1.79938535165768,4.28691204659895
q,0.015,1.80182793809813,4.28816821365215
q,0.01505,1.79702400453641,4.2860807903168
q,0.0151,1.80169476050055,4.28727442621853
q,0.01515,1.79552095330957,4.28641333681381
q,0.0152,1.79849465525928,4.28817959866514
q,0.01525,1.80160089077522,4.28261200395538
q,0.0153,1.80429015191698,4.29002997693811
q,0.01535,1.79941996886553,4.28557219912715
q,0.0154,1.79949795344269,4.28517023866744
q,0.01545,1.79846098009985,4.28665642343432
q,0.0155,1.8050032296042,4.28775517885738
q,0.01555,1.79245984962796,4.28135534547534
q,0.0156,1.79989057891354,4.28495137910953
q,0.01565,1.79992673195135,4.28450930905889
q,0.0157,1.80398545103997,4.28853989081365
q,0.01575,1.79603931064068,4.28509822949728
q,0.0158,1.80414852587522,4.28577595995833
q,0.01585,1.79905729005124,4.28679854299517
q,0.0159,1.80185186926693,4.28754526718602
q,0.01595,1.79882165156337,4.28664852396745
q,0.016,1.80012488185818,4.28516878594769
q,0.01605,1.79945170423367,4.2849302075293
q,0.0161,1.79740313042177,4.28677725375632
q,0.01615,1.7995960247431,4.28034150293203
q,0.0162,1.79811138475185,4.28649594890176
q,0.01625,1.79501195554333,4.2845723336449
q,0.0163,1.79921737399793,4.28848992980997
q,0.01635,1.79658847007275,4.28742696755777
q,0.0164,1.79734994498049,4.28580097054261
q,0.01645,1.7999808034026,4.28602440227682
q,0.0165,1.80227153673256,4.28111072107585
q,0.01655,1.79945151650831,4.28874170584502
q,0.0166,1.79913168997033,4.28579120013767
q,0.01665,1.80027621133669,4.28720126401389
q,0.0167,1.79833851713079,4.2839160598392
q,0.01675,1.79966271310217,4.28256644864615
q,0.0168,1.80082830830384,4.2884453685311
q,0.01685,1.80061677329642,4.28447785488502
q,0.0169,1.79986213125577,4.2893220523351
q,0.01695,1.7993141999818,4.28637173906571
q,0.017,1.79934508243566,4.28817026181647
q,0.01705,1.800529053694,4.28371350007823
q,0.0171,1.79658013283475,4.28706937737178
q,0.01715,1.80020878356582,4.28556671589823
q,0.0172,1.79840878451298,4.28272606577928
q,0.01725,1.80312217658784,4.28402721039429
q,0.0173,1.80053736530294,4.2857068923218
q,0.01735,1.80501352077058,4.2861420386675
q,0.0174,1.79993172316781,4.28620222735923
q,0.01745,1.79271025302059,4.28668782805748
q,0.0175,1.80411584863975,4.28580003436511
q,0.01755,1.80504308005583,4.28824017214667
q,0.0176,1.79669117366531,4.28910800564988
q,0.01765,1.79645587828864,4.28802134311228
q,0.0177,1.79609068254172,4.28544599805803
q,0.01775,1.80004962274079,4.28587027573507
q,0.0178,1.79726943783764,4.28627403496186
q,0.01785,1.79956702948696,4.28577453121206
q,0.0179,1.80098848843271,4.28490100023545
q,0.01795,1.80394472658866,4.28579473488324
q,0.018,1.79596422458067,4.2847921897517
q,0.01805,1.80158802009495,4.28657584350371
q,0.0181,1.79871334234618,4.28600925859337
q,0.01815,1.80221712535648,4.28331432829332
q,0.0182,1.80571683601861,4.28646475785366
q,0.01825,1.79874008268998,4.28324919281539
q,0.0183,1.80128489017559,4.28685585146986
q,0.01835,1.7990638262191,4.28636003411173
q,0.0184,1.80206496724746,4.28279236852601
q,0.01845,1.8011372697738,4.28616068938066
q,0.0185,1.79801364804855,4.28536589259189
q,0.01855,1.7986884210191,4.28153165155539
q,0.0186,1.79965797933181,4.28404601238171
q,0.01865,1.79980487503028,4.28310631082938
q,0.0187,1.79661850897484,4.28459187963931
q,0.01875,1.80005828300225,4.28544067220583
q,0.0188,1.80067305613859,4.28959295422852
q,0.01885,1.79750550627075,4.2874431214095
q,0.0189,1.80098309397767,4.28546017660041
q,0.01895,1.8029376429494,4.28644599927173
q,0.019,1.79918580105302,4.28483816325944
q,0.01905,1.79934211107882,4.28642557845784
q,0.0191,1.80373920432272,4.28606397618009
q,0.01915,1.79829508700308,4.28562579832742
q,0.0192,1.80116150787226,4.28568466481916
q,0.01925,1.79794767350247,4.28581431708331
q,0.0193,1.80297937173762,4.28850414087354
q,0.01935,1.80287653050235,4.28527423727037
q,0.0194,1.8058254896349,4.28410405721304
q,0.01945,1.80387415641342,4.28699825694765
q,0.0195,1.80083698627885,4.28864463476754
q,0.01955,1.80182397083008,4.28231605801962
q,0.0196,1.79850974659748,4.28482183855715
q,0.01965,1.7988223054859,4.28861641961885
q,0.0197,1.80123050128609,4.28543676375618
q,0.01975,1.80359863235634,4.28269468098265
q,0.0198,1.80554338599559,4.28853724948407
q,0.01985,1.79603215093054,4.28470317815993
q,0.0199,1.80046205243306,4.28610050995171
q,0.01995,1.79499226110014,4.28457410737039
q,0.02,1.79790050830261,4.28471368343751
q,0.02005,1.79698307560465,4.28856409082448
q,0.0201,1.80084640825904,4.28477391456992
q,0.02015,1.80311261216572,4.28688358504257
q,0.0202,1.80671556465607,4.28505365424296
q,0.02025,1.79618026504606,4.28581769936033
q,0.0203,1.7947914254403,4.2846422478372
q,0.02035,1.79588623769015,4.28341794071508
q,0.0204,1.7994984499032,4.28720568412281
q,0.02045,1.79600090562743,4.28484534089023
q,0.0205,1.80461170247954,4.28759022552119
q,0.02055,1.7953399394361,4.28613775867374
q,0.0206,1.7939131627283,4.28654594417881
q,0.02065,1.79899639769761,4.28660547951612
q,0.0207,1.80327009452553,4.28620279821635
q,0.02075,1.80147717465431,4.28501740929248
q,0.0208,1.80021760756125,4.28570155653198
q,0.02085,1.80669789507109,4.28431274073967
q,0.0209,1.80317545369796,4.28935789429898
q,0.02095,1.80180650751207,4.28470394398808
q,0.021,1.79344281651628,4.28079374450716
q,0.02105,1.80227369012288,4.28304767106552
q,0.0211,1.80181782360366,4.284844236295
q,0.02115,1.79831238777619,4.28683292377547
q,0.0212,1.79638767952746,4.28703565282875
q,0.02125,1.79905737165192,4.28701669742703
q,0.0213,1.80640035801849,4.2845729645375
q,0.02135,1.80400453181954,4.28368315988632
q,0.0214,1.80035223889936,4.28764603820295
q,0.02145,1.79364561798561,4.2874106011618
q,0.0215,1.80069329520847,4.28386267867649
q,0.02155,1.80066279732899,4.28416025013828
q,0.0216,1.80487428513484,4.28830393225356
q,0.02165,1.79529097828804,4.28335476188106
q,0.0217,1.80402040776204,4.28381271906295
q,0.02175,1.8026086741867,4.28665045345367
q,0.0218,1.80252900149437,4.28402060783927
q,0.02185,1.80115347418696,4.28640020539022
q,0.0219,1.80791272728708,4.28274302995621
q,0.02195,1.79869611968247,4.28640469492336
q,0.022,1.79788357345874,4.28500693809164
q,0.02205,1.79548950741885,4.28593965428503
q,0.0221,1.8015360842739,4.28352409710887
q,0.02215,1.80085903466017,4.28579849747801
q,0.0222,1.80020799691585,4.28592279845851
q,0.02225,1.79798173753495,4.28646162212993
q,0.0223,1.79653924032518,4.28493224627063
q,0.02235,1.79842405802448,4.2823499122321
q,0.0224,1.80131025669038,4.28559550196466
q,0.02245,1.79596924456206,4.28498668383161
q,0.0225,1.80179189731428,4.28528244868788
q,0.02255,1.80064141252577,4.28509399877359
q,0.0226,1.7957229554484,4.28535276535332
q,0.02265,1.80246632425605,4.28588341108699
q,0.0227,1.79887240768497,4.28178022397888
q,0.02275,1.80064597596126,4.28711345859665
q,0.0228,1.80130307069849,4.28577399736456
q,0.02285,1.79769439685999,4.28599179595168
q,0.0229,1.8031109683621,4.28340197449569
q,0.02295,1.80324177663254,4.28714351319647
q,0.023,1.79624143941866,4.28901404693277
q,0.02305,1.80374253798865,4.28455742048271
q,0.0231,1.79888513266787,4.28462375595327
q,0.02315,1.79594879683112,4.28367857247211
q,0.0232,1.79783679821274,4.28564009080624
q,0.02325,1.80090341841072,4.28753869214052
q,0.0233,1.79602622548936,4.28165871131713
q,0.02335,1.79975498433973,4.28633869928685
q,0.0234,1.80316679271758,4.2856845907315
q,0.02345,1.79951331134434,4.2875871881587
q,0.0235,1.79580803903986,4.28819494325429
q,0.02355,1.79739531453127,4.28902210646764
q,0.0236,1.79866511488625,4.28648153011686
q,0.02365,1.79635122860756,4.28380846428549
q,0.0237,1.80285234082986,4.28892372606496
q,0.02375,1.80314455703427,4.28497086564005
q,0.0238,1.80058846466703,4.28516156183346
q,0.02385,1.80114848546991,4.28702819622087
q,0.0239,1.80168418542988,4.28543253529844
q,0.02395,1.80713683974693,4.29013484157688
q,0.024,1.80306323298724,4.28868578418871
q,0.02405,1.79774048031998,4.28517482887058
q,0.0241,1.79478171609741,4.28421391097068
q,0.02415,1.8025406929533,4.28283578734108
q,0.0242,1.80132682505462,4.28421555210012
q,0.02425,1.80103010582613,4.28724675997422
q,0.0243,1.79656229488156,4.28560834873249
q,0.02435,1.7963866893888,4.28751101423488
q,0.0244,1.80185581104994,4.28513801854493
q,0.02445,1.79727832237342,4.28565881839071
q,0.0245,1.80328398720235,4.2894827773107
q,0.02455,1.80160729557255,4.2863713176375
q,0.0246,1.79863715704658,4.28600254252803
q,0.02465,1.80064371078713,4.28584157163853
q,0.0247,1.80278893206538,4.2877172860183
q,0.02475,1.80272373131266,4.28328325339192
q,0.0248,1.80100720944645,4.28585038844578
q,0.02485,1.80010977896051,4.28583562652807
q,0.0249,1.79940929926755,4.28594979304732
q,0.02495,1.80245672944946,4.2864990115317
q,0.025,1.79764467696086,4.28696881629414
q,0.02505,1.79714863953041,4.28321280230604
q,0.0251,1.80451621573858,4.28509050553664
q,0.02515,1.80161122130815,4.28612573030562
q,0.0252,1.79994955156428,4.28258876752646
q,0.02525,1.80436205904971,4.29033336308073
q,0.0253,1.8001157425374,4.28454636664413
q,0.02535,1.8042662685421,4.28812925976058
q,0.0254,1.80028176328569,4.28617650675189
q,0.02545,1.79797124028125,4.28627466994239
q,0.0255,1.80284651450356,4.28967012366652
q,0.02555,1.80176388727089,4.28769519445024
q,0.0256,1.79445706471518,4.28694641142829
q,0.02565,1.79862579696988,4.28618202949165
q,0.0257,1.80648025494319,4.28338291998152
q,0.02575,1.79756864703999,4.28296366809371
q,0.0258,1.79287716970432,4.28311711519368
q,0.02585,1.80342518278908,4.28853307134948
q,0.0259,1.79915931958486,4.28467601146007
q,0.02595,1.79794480798043,4.28824244506797
q,0.026,1.79780068696054,4.28846745875967
q,0.02605,1.80098300248019,4.28520307145153
q,0.0261,1.80271783286439,4.2837912399292
q,0.02615,1.80031456900008,4.28737867679702
q,0.0262,1.79445333023912,4.28370710167543
q,0.02625,1.80121324039852,4.28317807823326
q,0.0263,1.80239967350497,4.28893502921419
q,0.02635,1.80155218954046,4.28468058500799
q,0.0264,1.80052569139262,4.28333415919238
q,0.02645,1.79945408161954,4.28322766590689
q,0.0265,1.80038874076641,4.28550179412318
q,0.02655,1.79393001268991,4.28480705315694
q,0.0266,1.80129434978496,4.28509069802919
q,0.02665,1.7970358613362,4.2857627755493
q,0.0267,1.79694672225165,4.28636300759332
q,0.02675,1.79483169059806,4.28553625788944
q,0.0268,1.80201255358658,4.28830971567835
q,0.02685,1.80011408885362,4.28561062328546
q,0.0269,1.79949242177977,4.28336317987196
q,0.02695,1.8009020084924,4.28465385946162
q,0.027,1.8026933230603,4.28830981675848
q,0.02705,1.80322371956121,4.28524949277733
q,0.0271,1.79459336211923,4.28522714557083
q,0.02715,1.80124747448102,4.28981252471802
q,0.0272,1.80250410758111,4.28433884467385
q,0.02725,1.80278724970562,4.28584407020111
q,0.0273,1.80190379688247,4.28482256811721
q,0.02735,1.7991379195809,4.28338654304218
q,0.0274,1.8014190596833,4.28261157780235
q,0.02745,1.79651260041584,4.28589757926233
q,0.0275,1.80044196330285,4.28301820019924
q,0.02755,1.79561791839479,4.28839114437701
q,0.0276,1.80254758099079,4.28421203329223
q,0.02765,1.80174081204343,4.28273443486161
q,0.0277,1.79893099696686,4.28411620172954
q,0.02775,1.79839250270359,4.28860283809148
q,0.0278,1.80022698759392,4.28494648081325
q,0.02785,1.80379850342572,4.28907570793834
q,0.0279,1.80591302895577,4.28890707143589
q,0.02795,1.80206241373911,4.28821530441352
q,0.028,1.80311955087133,4.28790533084019
q,0.02805,1.79961226133274,4.28352265764185
q,0.0281,1.79955783221264,4.28535569655485
q,0.02815,1.80014490290203,4.28663271058545
q,0.0282,1.79830767766296,4.28213041659763
q,0.02825,1.7985260447117,4.28417312714018
q,0.0283,1.79983752697635,4.28262688188427
q,0.02835,1.7990870247592,4.28638650272303
q,0.0284,1.8017017744342,4.28660963201658
q,0.02845,1.79770985285386,4.28381102513111
q,0.0285,1.79287151143564,4.28800637872255
q,0.02855,1.80578840723552,4.28557861350978
q,0.0286,1.80175770932236,4.28587259517331
q,0.02865,1.79911944719311,4.28849591624869
q,0.0287,1.80032004416058,4.28601166163062
q,0.02875,1.80283561676106,4.28341930920171
q,0.0288,1.79731262253824,4.28447574045431
q,0.02885,1.80000259845818,4.27955796669272
q,0.0289,1.80951868746829,4.28391062207386
q,0.02895,1.80214061371643,4.28907561943836
q,0.029,1.79449534358948,4.28381095797151
q,0.02905,1.80359557021954,4.28218410649498
q,0.0291,1.79763296788735,4.28644560894842
q,0.02915,1.79843222427403,4.28599385486185
q,0.0292,1.79443565299062,4.2868346915885
q,0.02925,1.79873865490511,4.28280660208134
q,0.0293,1.79662014555289,4.28665643096263
q,0.02935,1.80559101388049,4.28814015958726
q,0.0294,1.79829901289148,4.28883640873735
q,0.02945,1.79938485498503,4.28594155689764
q,0.0295,1.7974194916884,4.28742552511715
q,0.02955,1.79813632837732,4.28317246359739
q,0.0296,1.79811872835969,4.28767593680964
q,0.02965,1.79975904007063,4.28513649090394
q,0.0297,1.79615107753968,4.28852437745697
q,0.02975,1.79889407334598,4.28225427540437
q,0.0298,1.79849810178007,4.28463212381415
q,0.02985,1.79969783466151,4.28679227631276
q,0.0299,1.79882778888838,4.28366532673335
q,0.02995,1.80661458227533,4.28648004767241
q,0.03,1.80479620678756,4.29005915718958
q,0.03005,1.79804615712595,4.287088386142
q,0.0301,1.79897996478379,4.28414927479247
q,0.03015,1.79741886317907,4.28354093071595
q,0.0302,1.79687599390536,4.28474623648156
q,0.03025,1.80609263831302,4.28824320340626
q,0.0303,1.79856430181401,4.28729817983258
q,0.03035,1.80021483747391,4.28674803819254
q,0.0304,1.80224931758477,4.28547580820767
q,0.03045,1.80416707131121,4.28322272921731
q,0.0305,1.79815151231864,4.28495045825566
q,0.03055,1.79608631176671,4.28734139168114
q,0.0306,1.80561048101101,4.28574853680546
q,0.03065,1.79890473440388,4.28258882670027
q,0.0307,1.80003738115913,4.28632989479062
q,0.03075,1.80164310964511,4.28534696647823
q,0.0308,1.80343855614335,4.28608638183143
q,0.03085,1.80001438433437,4.28375705749699
q,0.0309,1.80362054241261,4.2887353884546
q,0.03095,1.80069415906706,4.28606566212057
q,0.031,1.8011529869703,4.28543557803421
q,0.03105,1.80059110658189,4.28938083810583
q,0.0311,1.79668139109842,4.28606582003148
q,0.03115,1.79917777301606,4.28594946238507
q,0.0312,1.80112110726419,4.28448018534631
q,0.03125,1.79812985998382,4.28065609579705
q,0.0313,1.79420903252675,4.28637692473583
q,0.03135,1.79843994493939,4.28657552501103
q,0.0314,1.7978703775177,4.28517717625103
q,0.03145,1.79852665841524,4.28734811226706
q,0.0315,1.80618767222798,4.28422556465106
q,0.03155,1.80001791768909,4.28691038901612
q,0.0316,1.79590482825051,4.28784664280417
q,0.03165,1.79588990815432,4.28599171870398
q,0.0317,1.8010435352718,4.28381365347883
q,0.03175,1.79333409740638,4.28624327098329
q,0.0318,1.80086830581205,4.28719924191735
q,0.03185,1.79641260401567,4.28441807340655
q,0.0319,1.79636898136008,4.28958797326512
q,0.03195,1.79980883515689,4.28628289774135
q,0.032,1.80316429951252,4.28819091259167
q,0.03205,1.80545240657466,4.28274260633956
q,0.0321,1.79794873946872,4.28518507286044
q,0.03215,1.80108655282789,4.28509282069594
q,0.0322,1.80127563578044,4.28347840287539
q,0.03225,1.80102239014192,4.28754007320627
q,0.0323,1.79824210653671,4.28472534148047
q,0.03235,1.79818471691334,4.28844859662153
q,0.0324,1.79870928239796,4.28598975020507
q,0.03245,1.79988328116264,4.28313493738729
q,0.0325,1.79793046185112,4.28534646781378
q,0.03255,1.8003207859607,4.28620815667143
q,0.0326,1.79829893841558,4.2875416401134
q,0.03265,1.79865257023123,4.2835632767363
q,0.0327,1.80102866151578,4.28516904202965
q,0.03275,1.80591397310111,4.28722952456281
q,0.0328,1.80056937147811,4.28532684070087
q,0.03285,1.79876520503875,4.28412560160614
q,0.0329,1.80373676520962,4.28567899370893
q,0.03295,1.80474289307001,4.2863851887579
q,0.033,1.80099759636116,4.28183233180656
q,0.03305,1.80309284107129,4.28502447171388
q,0.0331,1.80021588439101,4.2859651925781
q,0.03315,1.80410298983492,4.28319788939798
q,0.0332,1.80024139715396,4.28042207545685
q,0.03325,1.8001665839537,4.28669491406814
q,0.0333,1.79561078487871,4.28134189530811
q,0.03335,1.79491322860091,4.28777099182023
q,0.0334,1.80125273470482,4.28671443503883
q,0.03345,1.80356477451611,4.28262919897419
q,0.0335,1.79874246933664,4.284794214572
q,0.03355,1.80293591820424,4.28524657068799
q,0.0336,1.80237535383457,4.28604554071634
q,0.03365,1.79753890804584,4.28431341125729
q,0.0337,1.80310924291003,4.28456580036591
q,0.03375,1.80143651917658,4.28583242110684
q,0.0338,1.7988457876395,4.28239180378962
q,0.03385,1.79957346068015,4.29105915463899
q,0.0339,1.803758074574,4.28394036024828
q,0.03395,1.80232709709626,4.28577049049539
q,0.034,1.79677810230724,4.28523607495104
q,0.03405,1.80093039389298,4.28477586789837
q,0.0341,1.79705782130546,4.28432971335273
q,0.03415,1.7987781086455,4.28228102941714
q,0.0342,1.80388440638352,4.28757988852843
q,0.03425,1.79788781193596,4.28397082520847
q,0.0343,1.80013041677414,4.28204546706698
q,0.03435,1.80413599901168,4.2823716702639
q,0.0344,1.79913695464189,4.28502030336603
q,0.03445,1.800501126331,4.28308929379735
q,0.0345,1.80048521770063,4.28533103004743
q,0.03455,1.80752522825471,4.28390255033065
q,0.0346,1.80184356349286,4.28792075486011
q,0.03465,1.79890574151591,4.28456237705539
q,0.0347,1.79863683333367,4.28667728622902
q,0.03475,1.80313089933105,4.28496610206298
q,0.0348,1.79897181665401,4.28601035724258
q,0.03485,1.80211984492744,4.28561079508322
q,0.0349,1.7983716103337,4.28583189227517
q,0.03495,1.79411974202086,4.2879668255093
q,0.035,1.8010816292015,4.28692484802594
q,0.03505,1.80053284868731,4.28480644416661
q,0.0351,1.79547093666658,4.28479757144608
q,0.03515,1.80142883129075,4.28569784924677
q,0.0352,1.79982968398243,4.28204119577883
q,0.03525,1.79916436045157,4.28834958811528
q,0.0353,1.79559843709023,4.28422016976994
q,0.03535,1.79943235194826,4.28470972431672
q,0.0354,1.80098781164747,4.28620519973813
q,0.03545,1.79902263885027,4.28333762182505
q,0.0355,1.79994569524803,4.28523530198284
q,0.03555,1.79692263071713,4.28409009960353
q,0.0356,1.80043216894733,4.28486608195457
q,0.03565,1.79834228675864,4.28870221107006
q,0.0357,1.79921432486301,4.28724874282819
q,0.03575,1.8016726084242,4.28634246554445
q,0.0358,1.80195173814546,4.2848900901396
q,0.03585,1.80195987991188,4.28695882280186
q,0.0359,1.804206012994,4.28673257067801
q,0.03595,1.80320664233444,4.28511188090221
q,0.036,1.80361296111568,4.28381841574341
q,0.03605,1.80040802066725,4.28483749310267
q,0.0361,1.79543910489587,4.28593372058093
q,0.03615,1.79817984765081,4.28235931948621
q,0.0362,1.80187908003569,4.28629039135797
q,0.03625,1.80184784451175,4.28298731583371
q,0.0363,1.80125597275781,4.28487931973777
q,0.03635,1.80080471277042,4.28425542898143
q,0.0364,1.80245166750096,4.28288774973907
q,0.03645,1.7967595659204,4.28508929013183
q,0.0365,1.8008748284558,4.2847262386126
q,0.03655,1.8083517987148,4.28893958169271
q,0.0366,1.80339396130638,4.28114375884367
q,0.03665,1.79778170303769,4.28501089574089
q,0.0367,1.80296027338261,4.28594161610982
q,0.03675,1.79671395614587,4.28386575416165
q,0.0368,1.80525558333128,4.28469368877676
q,0.03685,1.79778879267551,4.28333738644281
q,0.0369,1.79978978382104,4.2855424425696
q,0.03695,1.80038753299478,4.28536086267917
q,0.037,1.80274416507972,4.28440489915289
q,0.03705,1.79989402282327,4.28415844238233
q,0.0371,1.79793955549521,4.28645274032064
q,0.03715,1.80262986636251,4.28444658554244
q,0.0372,1.79759895798456,4.28672901928302
q,0.03725,1.80094253762573,4.2870821891194
q,0.0373,1.79940332100233,4.28551002841167
q,0.03735,1.80066279951121,4.28268818236291
q,0.0374,1.79674530427238,4.28420696293739
q,0.03745,1.80515359508177,4.28491857791686
q,0.0375,1.79613538407936,4.28785255432838
q,0.03755,1.79525990586925,4.28507640943849
q,0.0376,1.80633351937698,4.28535872692791
q,0.03765,1.79809083033239,4.2858705680886
q,0.0377,1.80137442968604,4.28407537570452
q,0.03775,1.79638327238366,4.2862605971478
q,0.0378,1.80035519921507,4.28435665412652
q,0.03785,1.79710395290306,4.28741104037389
q,0.0379,1.79239492883198,4.28598668413471
q,0.03795,1.79701859241194,4.28455805842142
q,0.038,1.80469842713825,4.2870051608933
q,0.03805,1.8020269527496,4.28346370807964
q,0.0381,1.7968761112287,4.28571260155656
q,0.03815,1.80325528141253,4.29028862619278
q,0.0382,1.79770123285936,4.28315192136395
q,0.03825,1.7995276606443,4.28481557081324
q,0.0383,1.79647426301923,4.28428868522467
q,0.03835,1.7964215562754,4.28614146111233
q,0.0384,1.79539132480641,4.28671749788253
q,0.03845,1.80609431469628,4.28627882379876
q,0.0385,1.8042306099171,4.28972179145559
q,0.03855,1.79686076958122,4.28537502149113
q,0.0386,1.79865035873586,4.28384143309611
q,0.03865,1.80221880017961,4.28646326747141
q,0.0387,1.79929212467402,4.28730650997579
q,0.03875,1.80362380168018,4.28769130476388
q,0.0388,1.79956487145573,4.28380535874476
q,0.03885,1.80357555719404,4.28602304698534
q,0.0389,1.79246468923594,4.28793769513225
q,0.03895,1.80003729011204,4.28528381751534
q,0.039,1.80138910763495,4.2860168405085
q,0.03905,1.80135290532588,4.28926957779617
q,0.0391,1.79705770992267,4.28801355577326
q,0.03915,1.79628692256712,4.28564401392091
q,0.0392,1.7918427184889,4.28724870428498
q,0.03925,1.80082183753721,4.28419642760934
q,0.0393,1.79894601648796,4.28629397657114
q,0.03935,1.80474577093796,4.28768957227148
q,0.0394,1.80186208903492,4.28551361314266
q,0.03945,1.80243731343658,4.28372543268966
q,0.0395,1.8038598009887,4.28343974230544
q,0.03955,1.80105300214764,4.28429192830237
q,0.0396,1.79960201460956,4.28432517644272
q,0.03965,1.79428138730446,4.28672449882248
q,0.0397,1.79531991853109,4.28639147717422
q,0.03975,1.80150025552536,4.28473164391602
q,0.0398,1.79816562339156,4.28253300991147
q,0.03985,1.80294601245102,4.2868673918253
q,0.0399,1.80122831976416,4.28667405136452
q,0.03995,1.80074487589723,4.2841289389571
q,0.04,1.79565114984684,4.28234695162313
q,0.04005,1.79562249278779,4.2865191354023
q,0.0401,1.8073702518952,4.28939480039616
q,0.04015,1.79669517076895,4.28159729650298
q,0.0402,1.81178923631143,4.28644395486578
q,0.04025,1.80135529453554,4.28329288329087
q,0.0403,1.80186778279112,4.28840029021425
q,0.04035,1.79868454481754,4.28519245858848
q,0.0404,1.79675671981463,4.28490694343097
q,0.04045,1.79643541619386,4.28514291747665
q,0.0405,1.8015671608712,4.28721501570021
q,0.04055,1.80314147206965,4.28800825779024
q,0.0406,1.80110056105831,4.28858534045264
q,0.04065,1.80294325155977,4.2862371957827
q,0.0407,1.80130766263725,4.2824318570195
q,0.04075,1.80129930269616,4.28522697775473
q,0.0408,1.79871024577102,4.28364705357541
q,0.04085,1.79823785865267,4.28807436103689
q,0.0409,1.79509489320585,4.28488882214835
q,0.04095,1.79954118913595,4.28584225210688
q,0.041,1.80324560067198,4.28657052552532
q,0.04105,1.80097031439239,4.28621018103791
q,0.0411,1.80354838720813,4.28584650290663
q,0.04115,1.80352217918176,4.28568543189724
q,0.0412,1.79800298570673,4.28692614629953
q,0.04125,1.7969660396535,4.28824507152081
q,0.0413,1.80334389295243,4.28812755669276
q,0.04135,1.80346058179608,4.28095736053386
q,0.0414,1.80334688008191,4.28340310096541
q,0.04145,1.79942014916662,4.28381805500374
q,0.0415,1.79659421840794,4.28253122762467
q,0.04155,1.80205844607136,4.28383025248037
q,0.0416,1.80149199839227,4.28809736634299
q,0.04165,1.79380678063763,4.29020013908988
q,0.0417,1.79833933218802,4.28570712651571
q,0.04175,1.80142756392594,4.28275463115083
q,0.0418,1.79420322850782,4.28531707104155
q,0.04185,1.79919691569428,4.28844796733592
q,0.0419,1.80357619706353,4.28518115215421
q,0.04195,1.79940633349088,4.28678972462343
q,0.042,1.80026917834478,4.28582021467589
q,0.04205,1.79688900244526,4.28574907557972
q,0.0421,1.79903361613596,4.28282088552604
q,0.04215,1.80347032884938,4.28741273413396
q,0.0422,1.79724167420878,4.28652894077047
q,0.04225,1.79724563163318,4.28848476562973
q,0.0423,1.80106475975133,4.28579626630765
q,0.04235,1.79577038173362,4.28923944514845
q,0.0424,1.80396863117787,4.28727088767003
q,0.04245,1.79947766535029,4.28604854724624
q,0.0425,1.80050577866168,4.28796077851343
q,0.04255,1.8038708264419,4.28779029233596
q,0.0426,1.79917830418878,4.28240629318356
q,0.04265,1.79975827956868,4.28703554512688
q,0.0427,1.7968075454134,4.28645154812831
q,0.04275,1.80118119534277,4.28278047060941
q,0.0428,1.79856179413987,4.28469010718663
q,0.04285,1.805006676294,4.28979706682629
q,0.0429,1.79766873147364,4.28956459405001
q,0.04295,1.8034370117526,4.28789129031051
q,0.043,1.80347967884004,4.28515324341705
q,0.04305,1.79933954281635,4.28666718844015
q,0.0431,1.80125118505456,4.28401330844309
q,0.04315,1.79379616634444,4.28599070537965
q,0.0432,1.79964285860521,4.2838464560908
q,0.04325,1.80452360493717,4.28380842558304
q,0.0433,1.80243409042808,4.28535018877445
q,0.04335,1.79770254998481,4.2849500563022
q,0.0434,1.80399325691028,4.28579304228756
q,0.04345,1.80590144736049,4.28432806264854
q,0.0435,1.79893109295278,4.28607591630072
q,0.04355,1.80034638486208,4.28315746074408
q,0.0436,1.80283175110174,4.28757568098357
q,0.04365,1.79713829191898,4.2843963858805
q,0.0437,1.8004496394046,4.28501852690646
q,0.04375,1.79860588987903,4.28678439346098
q,0.0438,1.8014373584432,4.28787691211999
q,0.04385,1.79849212222696,4.28535364104913
q,0.0439,1.80196820892995,4.28692403111716
q,0.04395,1.80000879709206,4.28670313568415
q,0.044,1.79606368525339,4.28459884713506
q,0.04405,1.79507267074563,4.28622681984222
q,0.0441,1.7973912983537,4.28352496377386
q,0.04415,1.80236659522105,4.28382376829333
q,0.0442,1.79956290088268,4.28740721702723
q,0.04425,1.80145159924363,4.28461765878611
q,0.0443,1.79712062347745,4.285117212446
q,0.04435,1.80090912081338,4.28584947942388
q,0.0444,1.80254836975853,4.28665513529222
q,0.04445,1.80015738969675,4.28533071827468
q,0.0445,1.80152255134896,4.28298183131081
q,0.04455,1.79758025000128,4.28603047947737
q,0.0446,1.79515832681067,4.28492318982524
q,0.04465,1.79419600835683,4.28600981132374
q,0.0447,1.79823043078611,4.28714230409219
q,0.04475,1.8011981465497,4.28787571624117
q,0.0448,1.80169589123065,4.28032346695398
q,0.04485,1.79261996060256,4.28771006277467
q,0.0449,1.79224028090316,4.28551673302923
q,0.04495,1.79708301633853,4.28540168729966
q,0.045,1.80480998309331,4.29036867396412
q,0.04505,1.79715391749614,4.28594522990084
q,0.0451,1.80059431147188,4.28458562775841
q,0.04515,1.79649394984484,4.28740551194665
q,0.0452,1.80433263099604,4.28433829420536
q,0.04525,1.80121985557971,4.28721112089412
q,0.0453,1.80239640805162,4.28652576659393
q,0.04535,1.80464686137401,4.28979510573839
q,0.0454,1.79811746635774,4.28905141875932
q,0.04545,1.79689006725265,4.28655045637727
q,0.0455,1.80144298213609,4.28713256473234
q,0.04555,1.80291165668302,4.28460171257879
q,0.0456,1.79800149732798,4.28617475929374
q,0.04565,1.79748722451278,4.28881016269131
q,0.0457,1.7995803771485,4.28694591547545
q,0.04575,1.80041049761564,4.28458965194008
q,0.0458,1.79968225051193,4.28347061356416
q,0.04585,1.79601659361951,4.28567678287874
q,0.0459,1.8010544973135,4.28671566140905
q,0.04595,1.80258838794112,4.28393434019208
q,0.046,1.79604993513171,4.28462534247227
q,0.04605,1.79652840625199,4.28773463688876
q,0.0461,1.80197373659074,4.28756445726826
q,0.04615,1.79646866021722,4.28586999178812
q,0.0462,1.79494322303082,4.28354284459477
q,0.04625,1.80239896972951,4.28632497707687
q,0.0463,1.7952543601932,4.2885833574347
q,0.04635,1.7999266782754,4.28503441838097
q,0.0464,1.79959552985083,4.28690190093266
q,0.04645,1.79730189944333,4.28795344484353
q,0.0465,1.79975659002673,4.28286113066839
q,0.04655,1.79708542169088,4.28683924782488
q,0.0466,1.79750762114065,4.28419300971074
q,0.04665,1.79774002022777,4.28735051927866
q,0.0467,1.79817924608882,4.28353193860592
q,0.04675,1.80419620057157,4.28542719879026
q,0.0468,1.8014427086063,4.28582946191922
q,0.04685,1.80198275652961,4.28602082797985
q,0.0469,1.79605746707743,4.28833105963628
q,0.04695,1.79952480822654,4.28540661831001
q,0.047,1.79766940836982,4.28366112916589
q,0.04705,1.80203825215062,4.2883261482588
q,0.0471,1.8024414579598,4.28552662347245
q,0.04715,1.79726445444967,4.28686955382315
q,0.0472,1.79806596515828,4.28760673559964
q,0.04725,1.79975733999324,4.28396276013428
q,0.0473,1.80240477846857,4.28353781041448
q,0.04735,1.79915046445849,4.28715958825447
q,0.0474,1.79971893471401,4.28723628662581
q,0.04745,1.8004701297298,4.28567513358779
q,0.0475,1.79922248067788,4.2883432352609
q,0.04755,1.80025706036206,4.2854222499522
q,0.0476,1.80250486182087,4.28496234400567
q,0.04765,1.80008505724864,4.2859829190249
q,0.0477,1.80026833432197,4.28564783307651
q,0.04775,1.80597150234209,4.28724505262049
q,0.0478,1.80041040210375,4.28552204155504
q,0.04785,1.79984308129648,4.28584569070257
q,0.0479,1.79826685588165,4.28977871890878
q,0.04795,1.79928199347246,4.28734388474899
q,0.048,1.80278656066975,4.28490779018514
q,0.04805,1.79166742288664,4.28604790752765
q,0.0481,1.7999671572957,4.28471598694832
q,0.04815,1.80198400893423,4.28578045414965
q,0.0482,1.80016753859186,4.2862026230134
q,0.04825,1.79846443866346,4.28499471483144
q,0.0483,1.79831160419811,4.28159836934905
q,0.04835,1.80257386356738,4.28658890263377
q,0.0484,1.79732756800996,4.28311125869059
q,0.04845,1.79567491879765,4.28596602096373
q,0.0485,1.80154806494679,4.28680884434941
q,0.04855,1.80367896822306,4.28494289721854
q,0.0486,1.79265743088523,4.28698642629579
q,0.04865,1.80343386698863,4.28641737094631
q,0.0487,1.79911556200349,4.28875872622476
q,0.04875,1.79736503597097,4.28857738096581
q,0.0488,1.8009536136056,4.28441327468428
q,0.04885,1.80016036832739,4.28576382451483
q,0.0489,1.79786214945494,4.28553068184562
q,0.04895,1.79743771233239,4.28383257096164
q,0.049,1.79730018326335,4.28700906062535
q,0.04905,1.80234663373038,4.28747169424438
q,0.0491,1.79987892855445,4.28394801878498
q,0.04915,1.79945960737133,4.28759907142367
q,0.0492,1.81384364758481,4.28623440046078
q,0.04925,1.79417356854491,4.2830107428833
q,0.0493,1.80181645395739,4.28677320351857
q,0.04935,1.79678357992635,4.2867508669934
q,0.0494,1.80118245653918,4.28520731232924
q,0.04945,1.80096226578494,4.28699992120803
q,0.0495,1.79817208985181,4.28683959241596
q,0.04955,1.80257961269329,4.28541338829553
q,0.0496,1.8027700912057,4.28699107700093
q,0.04965,1.79661783972827,4.28755238605875
q,0.0497,1.80424910122856,4.28403173397219
q,0.04975,1.79890180310406,4.28420764906057
q,0.0498,1.80363928691315,4.28615849462776
q,0.04985,1.79795496916842,4.28578804632953
q,0.0499,1.8058188176674,4.284235421885
q,0.04995,1.79403487364633,4.28532481561642
q,0.05,1.79586906444585,4.28563765653382
