we_radps,id_A,iq_A,vd_V,vq_V
100,0.00064683506950159,0.0170258621005792,-0.00323957587340265,1.81175539993726
100,-0.00687791204299122,-0.0236709712115719,0.00243811111799354,1.79452420798793
100,0.012509519983779,0.0298649112386717,0.00886969186336954,1.81286051643705
100,0.00855900442394964,0.0168401998623799,-0.00201927092355699,1.79979071716563
100,0.0199870496853093,0.0251073187536408,0.00765658869254536,1.81219301364237
100,0.00279045141387886,-0.0124349032067184,0.00609413396838532,1.79675221423531
100,0.00643346790054803,0.0115261778168455,0.00214708868225406,1.80187064750277
100,-0.015513923716166,-0.0036984994261619,-0.0102316307712057,1.80306472162215
100,0.0148730961924887,0.0101364263920357,0.00403997420783591,1.80353353117736
100,-0.0108414095930028,0.00622314870324745,-0.00890038538560714,1.80613426993449
100,0.0174078452155876,0.00457967500713622,-0.00231380662379094,1.80305983885153
100,0.00929656337752554,0.00183874634625415,0.00885899136768803,1.79828879546872
100,0.0278899200258169,-0.0128053785442103,0.0168477120545089,1.80052895181169
100,0.0046956064902527,0.00179585291349806,0.000986488683369976,1.79592598149852
100,0.0433888330032964,0.00122659122384603,0.0216289349024532,1.80119641549344
100,-0.0177991919041232,0.00779097039126578,-0.00944199492212875,1.80172109459917
100,-0.0151912204425337,0.026565374094611,-0.00182812783685325,1.80837300370413
100,0.0151073599639596,-0.0220694012071746,0.0118829422197118,1.79073216671431
100,0.0158927583226827,-0.0179979588073799,0.009055079645216,1.7922908735642
100,0.0148973177004217,-0.00882431262952084,0.00934894629555037,1.79972375915728
100,0.00679092480362646,0.00404000225519938,0.00121635391135289,1.80505870908833
100,0.00895857135881881,-0.0386327434236765,0.00710178952075074,1.78495432147614
100,0.0036283211958198,0.000595790939535536,0.00236380192962881,1.79633403444128
100,-0.00776424146782923,0.0139672544612244,-0.00137436853407944,1.80255846384956
100,-0.00907536266025475,-0.0270359663460328,-0.00133176976051436,1.79081838469916
100,0.0121453488024004,0.00265055572693914,0.00753734027499761,1.80149784373043
100,0.00231317585821991,0.0227630812615006,-0.000119152872641268,1.81146213850132
100,0.0209799926611436,-0.0173879197542473,0.0110199548475911,1.79416254908497
100,-0.00565670379212918,0.0205094077269383,-0.00390432220422405,1.81216639171123
100,0.0269476716520001,0.0247286878120711,0.0135552574676421,1.809381349416
100,-0.0198575910674963,-0.0118043124610878,-0.00423875263129131,1.79612861042444
100,-0.036985646177978,0.0117577243087575,-0.0144289586801571,1.80036794326609
100,0.0161979260219773,-0.0111283092352039,0.00795213825836748,1.79499694729748
100,0.0135384423078356,-0.0464162513657956,0.00376297925926739,1.77665463764192
100,0.0306964125104219,0.022415610470594,0.0124650062531211,1.80776686934998
100,-0.000538411669738045,0.0215003016816491,-0.0044755379188363,1.81096478880909
100,-0.0362303967972119,0.01431862669938,-0.0138007545851934,1.80956787185289
100,0.032166507512296,-0.00365523817612857,0.0147880656082233,1.79697362549441
100,-0.0176401988943487,0.00750607476196801,-0.00170065332591958,1.80095100013275
100,-0.0180656362600411,-0.00418085866643351,-0.00406796973041573,1.79412396471942
100,0.0144684952345208,0.0231154833003963,0.00391481639448664,1.8079962679561
100,0.0019884119104945,-0.0204973435268602,0.00464955517062814,1.79279590362196
100,0.00387594156771697,0.0341437586240174,0.00171154747290297,1.81748818984898
100,0.00103899845228695,0.00161427747407766,-0.00257393299567864,1.80224095480438
100,-0.0238797816932591,0.00976212769863132,-0.00919349669526716,1.80203763409979
100,-0.0102550638372192,0.0114342102869693,-0.00391768777996346,1.80803634715572
100,-0.0310187458344425,0.0281653276966711,-0.0102474794245291,1.81415316551725
100,-0.021266257925154,-0.0151863997323386,-0.00831547237694977,1.78984415823051
100,-0.00907219990667295,-0.0085499205116971,-0.00573694135638261,1.79985559628349
100,0.0259351925365283,0.0228576064565081,0.00952384090669536,1.80966480637819
100,0.0113639965463783,0.00810210803453403,0.00354496743367404,1.80577155343425
100,-0.0143957085345042,-0.00428117398303929,-0.00161097578080043,1.79400438881657
100,-0.00525603900090347,0.0167597679668358,-0.00237004784262687,1.80458323177037
100,0.00764408899620632,0.0179367404253343,0.00577919630118194,1.81546723953611
100,-0.0190798328080113,0.00562310726045089,-0.00774020083792107,1.80298388465453
100,-0.0136773666073887,0.0121214704528475,-0.00399498573143521,1.79817131637381
100,0.0271496199656929,-0.0242809142501371,0.00950153161354035,1.78768509754992
100,0.045196945325988,-0.0154376370761923,0.0197411957305239,1.79589823080654
100,-0.00913031203451868,-0.00430033389815636,-0.00493323148381667,1.80132773131683
100,0.0349643272386563,0.00672374918676667,0.0143625054722561,1.80557985620029
100,0.00552012186209777,0.0353285706665042,-0.000347087074180934,1.81777096270943
100,0.00355253722323822,-0.0195134198395071,0.000543346894391832,1.7895201875633
100,0.00990795093294462,-0.011593895702523,0.00772159461055816,1.79867226581633
100,0.0188148621340896,0.044505122428058,0.00556135422255679,1.81945200955994
100,-0.042259373682132,0.0200060094275151,-0.0222810815094285,1.80380576433442
100,0.000912020308354854,-0.00209462945555311,0.00242964764626351,1.80202639530762
100,0.0231368083046965,0.00110886492263479,0.0102011228284907,1.80008770431135
100,-0.0103987064400531,0.00269084065066779,0.00130114141540777,1.8011709917661
100,-0.00139524912235215,-0.0250087626372453,-0.000216652914855513,1.78857128176922
100,-3.88546024770276e-05,-0.0116523538842599,-0.00118983819128786,1.80278512522802
100,-0.031841836099769,-0.0257960648485706,-0.0128583642888401,1.79179773413129
100,-0.00788508267955182,0.00271558620831209,-0.00474535723953172,1.79727359542218
100,-0.00992085031192992,-0.00966860214625391,-0.00372792757592303,1.79882344958312
100,-0.0158150367609804,-0.00400987069787112,-0.00654204652579475,1.79702617640108
100,0.0147234718490176,0.0372645632976943,0.00530734234889397,1.81984764718792
100,0.0141428802526227,-0.00765696178845746,0.00628347688775302,1.7928189889288
100,0.0122302256598046,0.00612160283621162,0.00667642193030496,1.80480852693731
100,-0.0159881258500113,-0.0140250425795484,-0.00766063169466596,1.79507830956932
100,0.00923472298465589,-0.0188679533487341,0.00266669607863149,1.79085859990304
100,-0.0405213596657125,0.00166618287583412,-0.0156914822330946,1.79810881898157
100,-0.0387650472623056,-0.0109821250200635,-0.0150787453809152,1.7965675647469
100,0.0136695952421735,0.00713653582687687,0.00593447964303322,1.80507438236288
100,0.0470338521371472,-0.0365362223871792,0.0183731692839549,1.78229884200682
100,0.00980423237497411,0.00956140055054862,0.00617728190646488,1.80199003175406
100,0.00544602752746436,0.0233946640854559,-0.00339149631964476,1.81000637752275
100,-0.00989197426688515,-0.013097211899447,-0.00544406066573542,1.8004917052011
100,-0.0211890784630615,0.00140847046647271,-0.0102115342014352,1.79692620379942
100,-0.00552567480399841,-0.0527568096606665,-0.0018185549713554,1.77423614557158
100,-0.0180395074335947,-0.0210126446360252,-0.00727862305720309,1.78942683537969
100,-0.0136549525956773,-0.029346079398588,-0.00659457229925741,1.7872545764597
100,0.00650831538930819,0.0167869806672747,-0.00136407059171283,1.81011960687453
100,-0.0298558539966774,-0.0399082533719035,-0.00980491045762219,1.77783410975852
100,0.000466273005056271,0.0223182261615706,0.000739629336717779,1.81008649313842
100,-0.0128076910399718,0.0429163550378893,-0.00763649652099115,1.82481333861554
100,0.00100921863424239,0.00450486493849366,0.00275274468124757,1.80560147646557
100,0.0372660823188846,0.0260817368159572,0.0160050118052045,1.80795829895051
100,0.0121712612497005,-0.0366069529689658,0.0100406051972021,1.77855969288415
100,-0.00871169117303382,-0.00582303435040543,0.00176267688381434,1.79790498513635
100,0.0236583154448372,0.0209473546888951,0.00918455136257596,1.80566261534911
100,0.0265238381922928,-0.000280225068455864,0.0158427424402705,1.79885807918686
100,0.00636975463412879,-0.0168030474933318,0.00248132748620348,1.7973218912101
100,-0.0222101906637573,0.0274206851904608,-0.00731009646687897,1.80888145241662
100,-0.0159909348264926,-0.00530272440514353,-0.00735007383486791,1.7999666291819
100,0.0369549929610735,-0.0154082065803289,0.0218231071223509,1.79047870811463
100,-0.00836880552501928,0.0315666028590154,-0.0101322526518211,1.81002009407559
100,0.0201542852679342,0.0156118120925501,0.00380324478782312,1.8114573176221
100,-0.0182884906784791,-0.0312988722732584,-0.0102721380796537,1.78690189347119
100,-0.00861502290504385,0.0211481604487598,-0.0027207380937009,1.80863443563353
100,0.0113665702176216,0.0019110858744612,0.0069192770737387,1.79851075173732
100,0.00162254325613702,0.0158053866491569,-0.00343892055613614,1.81659977748213
100,-0.00527359016954347,-0.016661621409693,0.000412704174196017,1.79536145249587
100,-0.0412962380913653,-0.00838294157070475,-0.0139536609395885,1.79205416283917
100,-0.00194675343275034,-0.0284044934889637,-0.000348287732557205,1.78567979175261
100,0.0101483813394281,-0.00295804936987764,0.00913137848171285,1.80236961246273
100,-0.000208703500195614,0.00751466347514312,-0.00267073410805334,1.79793880840463
100,0.00877539280180336,0.0214022795812393,0.00642471852007905,1.81021911595734
100,0.00570552024307628,-0.0184614987797047,0.00133019064031948,1.79717351240184
100,0.0260493903087871,0.0177307021817978,0.0112965079856669,1.81350298038475
100,0.0398439264124448,-0.0307945257896608,0.0135448470651135,1.78827014488826
100,-0.00199444770738721,-0.0100358912251768,-7.58689932769322e-05,1.7891593044526
100,0.0174723104073054,0.0286803154901656,0.00877869986569868,1.80587833531902
100,0.027778368565532,-0.0438919094696416,0.0124363161111211,1.78128371696756
100,-0.0272808265471246,-0.0104106309272511,-0.0107248666723767,1.79825957317718
100,0.0177504824254077,-0.0312172561401836,0.00753856056661937,1.78237691718605
100,0.0289219587133367,0.0221200760904556,0.017408987827493,1.80811817054553
100,-0.0107009930610865,0.0322010294707498,-0.002760231206716,1.81513850928476
100,2.64702626482852e-05,0.0185667195462653,-0.000667798059088582,1.80327366804751
100,0.0503474148281088,0.0250374694016262,0.0200009856209208,1.81491510091748
100,-0.0253464899453439,0.04485383774775,-0.0109587091993794,1.81163454063001
100,-0.0427049308936633,-0.0104035117127814,-0.017399735126855,1.79894722840212
100,-0.00302166967927232,-0.00477995574657738,-0.00387651898160407,1.79333765527142
100,0.00957066510496953,-0.0085839775021473,0.00507298149710172,1.79822291237996
100,0.0156035712941974,0.0139099794698986,0.00502664598727293,1.8081344695722
100,-0.00778318212218745,0.0415015817985629,-0.00862474809556387,1.81635365065621
100,0.00566205046976801,0.0226250683580036,9.40377797093207e-05,1.81550679587097
100,0.0114404253822055,0.0140023445499359,-0.000471602515971953,1.80704079811542
100,0.00389816611333561,0.0276642281286167,-0.000919877011793295,1.81246608885953
100,0.00867241028701413,-0.00120715513599234,0.00538264134560009,1.7972891107686
100,-0.00121733355420992,-0.00364481698571461,0.0018319814018966,1.79559120273668
100,0.00892030562548585,-0.00600856109024323,0.00332623653344498,1.798230527913
100,-0.00665704996114758,-0.00488413548668737,-0.00199745157233445,1.79706712796847
100,-0.0137075854698206,-0.0129921445378616,-0.00461421028528111,1.79565869495786
100,-0.00748205425520054,-0.0601916826012201,0.00106139447957313,1.77510549359546
100,-0.00379183333506307,-0.0359027668437315,-0.00326511180912671,1.78125734707286
100,-0.0224256477049741,-0.00381223742403237,-0.00958219258822826,1.80067115083374
100,-0.0248518570671335,-0.0219624473065881,-0.00722610954911159,1.79098533902842
100,0.0237713622635976,-0.0193227749765546,0.0139709281245641,1.7963784373107
100,0.0362868360249688,-0.00638560558708735,0.0212923537975673,1.80237040387522
100,-0.0159936627973202,-0.00837178297788561,-0.0060130491299955,1.79891579855215
100,0.0200976328678322,0.0106058502419934,0.0025821611485489,1.8070978560734
100,-0.00289154313448325,0.0109660790779991,-0.0052632209029089,1.8062047270385
100,0.00764461690680334,0.0093162608407892,0.00544625928272969,1.80439342462657
100,0.000774013040191115,-0.0221530038573206,0.00139168699364762,1.78581609144055
100,-0.0357378070457455,-0.0202466803157402,-0.0129555083043999,1.78730879212705
100,-0.0212138478524123,0.00656284640486056,-0.0173075367330617,1.7958498644013
100,0.0083733182206165,-0.0145111638327333,0.00246273383253202,1.79559543557663
100,0.00660944025841464,-0.0220139406546117,0.00136928705675165,1.78877307087731
100,0.0053354789107831,-0.0272151318344925,0.00414098594322498,1.78743851986783
100,-0.000277471238335597,-0.00332769159175164,-0.00399240958402736,1.795614989783
100,-0.00928843606061071,-0.00758151181181971,0.000419946517061054,1.79876418970863
100,-0.00749493571480778,0.0171708156203073,-0.00303443516697519,1.80991671948918
100,-0.0143523149347286,0.00153425720284349,0.00162038608557471,1.79731543738624
100,0.00964239398078899,0.0160942404330262,0.000513682083270839,1.80916297539373
100,0.00244690472207766,0.00146453669525,-0.00395232775217095,1.79530560884137
100,-0.0100887720881253,-0.0159081225022174,-0.000931884642055666,1.78734736351527
100,-0.00128396453265432,-0.0190277571417002,0.00334249004624402,1.7891302226719
100,0.047036861191035,-0.0547735994027413,0.0187074412847544,1.77958952191125
100,0.0227286594926966,0.000332621148931061,0.00700923749600672,1.80260506709361
100,-0.0109089647837407,0.0156491804438784,-0.00410893753401958,1.80466000753019
100,0.00731630184535339,0.000591527435494726,0.000757189431344532,1.80107127654786
100,0.00512423582531924,0.030088611681624,-0.000611235567887782,1.80638770541201
100,-0.0278367705558591,-0.0318184681898054,-0.0109523281923693,1.78505708850532
100,0.0156626770571549,-0.0039051968610735,0.00462120005742883,1.80144791095716
100,0.0491002605810311,0.0361405884647158,0.019596059423706,1.81843647580539
100,-0.0165512553132348,0.0177551234396662,-0.00833495778104398,1.8084800647182
100,-0.0154239347808706,-0.00535857034148092,-0.00769303912377529,1.79495869422361
100,-0.0151243640638327,-0.00213169463760102,-0.00945614014292677,1.7983951670021
100,-0.0130675051823285,0.0321132731640884,-0.00814197855630208,1.8101394811487
100,-0.00855110530859475,0.0194944680693279,-0.00367143175067344,1.79951737435302
100,-0.00888394564689275,0.000170390697373356,-0.00174442242933145,1.80062787904657
100,-0.0184767646745077,-0.0005570744334593,-0.00914213656296313,1.80085658558535
100,-0.0145798864995532,-0.0308969330632361,-0.00361870939352135,1.7832782708738
100,-0.00780426777608078,-0.0420703390595767,-0.001590226011334,1.78182722646902
100,0.0102280929659275,0.0486048674003297,-0.00197136915550996,1.82202938046383
100,0.0172528805122261,-0.00166941818897202,0.007590076647809,1.8066758960512
100,0.00209062600638904,-0.0135184070518053,0.00095135816135352,1.79048249707411
100,-0.00989795025691482,0.0163574635428657,-0.00339174716213686,1.80785749788947
100,0.0209241249305212,0.0203720003306758,0.00119071037547559,1.80840022701282
100,-0.0180317068264506,-0.00339336047140139,0.000340402966555446,1.79529470926819
100,-0.00508236560890505,0.0154698759329566,-0.00169547649621367,1.80876502972244
100,0.0373114701040527,-0.0022636709839941,0.0104428478936427,1.80384945307813
100,0.00514449555459743,0.00806207363132097,0.00521795461060724,1.80436364422108
100,0.0345119427710706,-0.0146387237398191,0.0211998505408176,1.7886413488242
100,0.0197087007633346,-0.0114751371209068,0.00324810940276584,1.79642785838074
100,-0.0308528899689928,0.0118462195702348,-0.012963428809588,1.80160802896124
100,-0.0226827882670653,0.0362933971661193,-0.0142890563385355,1.81478275776272
100,0.0376713693964765,0.00842434123863156,0.0181469807319925,1.80736220354675
100,-0.0152011794857853,-0.0203381357798986,-0.00663364479086067,1.79025691127649
100,0.0137141036518628,-0.00629906915859646,0.00854094461133954,1.80186200326167
100,-0.0260991981475804,0.0188755571313346,-0.0132968078660751,1.81092096791725
180,0.0037497137789235,0.0490368303777292,-0.00281264854549011,3.25796857895624
180,0.00549349000702823,-0.0158230363226036,0.00380891479473292,3.23277745176353
180,0.0145769207921775,-0.0138619995790122,0.00111226207658905,3.23658522023569
180,-0.00769372384392814,-0.0211639030571225,0.00245629260663995,3.233583028749
180,-0.0160162738177849,-0.00841023370994089,-0.00724686201754163,3.2335974218897
180,0.00468591220750643,-0.0424142328950422,0.00898673843029207,3.21782851254705
180,0.0201296710196852,0.011355840570526,0.00781754381444543,3.24555290489321
180,-0.0266117298129283,0.0026549972885575,-0.00521917493840101,3.24548393690619
180,-0.0464452787660957,0.0164658028111467,-0.0211835182633337,3.24511045201829
180,-0.00927309409837413,-0.0113466418359798,-0.000144603029036407,3.23261919068413
180,0.00288571399710023,0.00926124551793749,-0.00316041332180532,3.24571041390312
180,0.026847195564722,-0.00248485698592367,0.00973812471058397,3.2423599181487
180,-0.000432817171821412,-0.0106466641462857,-0.00471968069000155,3.23913318035647
180,-0.0169283190605001,-0.0203066075590982,-0.0103325911520865,3.23154484895033
180,0.00492839320580519,-0.0250011568218915,0.000948907190692458,3.22483769796493
180,0.00592139155667451,-0.0476385455028666,0.00547719476017851,3.22052785795081
180,-0.0110899100099098,0.000529021706690502,-0.000442195624099914,3.2399489556694
180,0.00665639855272012,0.0247145834017343,0.00372241112910243,3.25500949507129
180,0.00752906560622012,0.000185446009064339,0.0072744028573127,3.23506068024092
180,-0.0124043031997053,0.00332452876116528,-0.0101158695239043,3.23932626558496
180,0.0410033800169787,0.00836520370136581,0.0177341486309542,3.24502731446599
180,0.0540498642413427,4.9456527576954e-05,0.0222881048262241,3.24052105862871
180,-0.0119076906275194,-0.0105803477054948,-0.00511818444955344,3.24055801611757
180,0.00953705866468216,0.00991064853882193,0.00685476462543358,3.24124752583849
180,0.0150724189196375,-0.0404446723898428,0.014055764703204,3.2246383447515
180,0.0130790760095771,0.0304287982674627,0.00563592524635968,3.25273290817855
180,0.021224490234172,-0.00113165040278995,0.0111347393514578,3.24008691762543
180,0.0148276558186057,-0.0367598942883085,0.0135761371366283,3.22916067146122
180,-0.0183569174074483,-0.0203603026539426,-0.00374991095345625,3.23466646503874
180,0.0180324432248473,0.0220508051472219,0.00893110986194042,3.25555669010584
180,-0.00689368361678534,-0.0414192578886158,0.000503461275528222,3.2249987388846
180,0.0228017720145043,-0.0221036979417646,0.0128973611580612,3.23380785039704
180,-0.0275928806073209,-0.00507993563265447,-0.010230890610656,3.23656680328965
180,-0.0236876800669077,0.0125551056154321,-0.0132859342445665,3.2393476921957
180,-0.00282142672337929,0.00623645639053657,0.00110619495223604,3.241396603634
180,-0.0097112592941099,0.00569380569371156,-0.00441145256032498,3.24084992434662
180,0.0342360306717142,0.00243568169926888,0.0115390076209906,3.24419721510191
180,0.0021883116190396,0.0185169682684151,-9.06670758041617e-05,3.24447905881675
180,0.00643969447524086,0.0137269554543997,0.00448919731856249,3.25147209330929
180,0.00989434964046802,0.0234103712652308,-0.00574959512549071,3.24784015836393
180,0.0264666071969803,-0.00690622195261765,0.0148018253951025,3.24003775854127
180,0.011194268348721,0.0308371777754501,0.00120002194659971,3.25387397464956
180,-0.013530912016358,-0.0198044351417348,-0.00694709748918402,3.23145028723472
180,-0.0578680779536145,-0.00802520547516512,-0.0228237888523312,3.23450635796632
180,-0.00736435375575801,0.0335527386583087,-0.00492431750060507,3.25485909222808
180,-0.0158723446189897,-0.0296198335295743,0.000467786637932451,3.22482897563285
180,0.0317746917625757,0.0120975742091877,0.0109746135470762,3.24378051536151
180,-0.00651648042790049,-0.027790751266113,-0.000918344598424089,3.22575180713688
180,-0.0138348530084076,-0.000269068643048957,0.000296100306213691,3.23572221131418
180,-0.00291597598910495,0.0267852493466343,-0.0038370090103189,3.25230889325063
180,-0.00628223362680207,0.00403276552837081,-0.00298822451718403,3.24184368390178
180,0.0266604491382571,-0.00607755888087862,0.00571977172509551,3.23841007553399
180,-0.00719968685668383,0.0157847116888145,-0.00116022035145643,3.24489166246677
180,0.00746422328779329,0.0168911531050651,0.00422363596651386,3.24458261071931
180,-0.00626279925251862,-0.0127610822326121,0.00396491484751203,3.23545055351855
180,-0.00861946007857385,-0.00777538144746613,-0.00166198574833773,3.23473269736536
180,0.0100114533763057,-0.0141677883121406,0.00614589654708209,3.23624817884425
180,-0.020501277813417,-0.00836606800038738,-0.0127947896118482,3.23432242755961
180,0.012018820236534,0.0111152812693928,0.00396684111399709,3.24426529580558
180,-0.000844271766958952,0.00506049268109304,-0.000114266550616616,3.23882471356468
180,-0.0104724152770118,0.0224299899316504,-0.00974381742422439,3.24389699779894
180,0.0248052956417697,-0.0397490749810054,0.010292186549118,3.22925511661326
180,-0.031981374950841,-0.00644777827785243,-0.0127038442749909,3.23092322808885
180,0.0195802190617139,0.00119627374895057,0.0163643721497135,3.24206989673131
180,0.0111565662446096,0.00340896941536651,0.00276300431392003,3.2449302422728
180,-0.00949227438513257,0.00420355681915746,5.06843483987522e-05,3.2419739994871
180,0.00455552896723793,0.0322282747717966,0.00451935246683639,3.25196452290596
180,0.0277551824081765,-0.0129627678098088,0.0161589880407352,3.23352210796216
180,0.00402992639678887,0.0057449649732773,0.0013086381255779,3.24265708267586
180,-0.000359317537416444,-0.0154976776881356,0.00238054045164192,3.23542144222161
180,-0.00349236431224134,-0.0128517298280275,0.000411564425973056,3.23310498749748
180,-0.0107841637295701,0.0189472001128636,-0.00569418783055093,3.24824004807989
180,0.00990541842495623,0.0282304282913946,0.00658295337873488,3.25094705463873
180,0.00759758218060582,-0.0198796740071774,0.00736244965596896,3.2282180816443
180,-0.00481823260256402,0.0407355312856776,-0.00273219896556572,3.25868586142608
180,-0.0183625984957059,-0.0241819512441089,-0.0112291138344047,3.2312060031759
180,0.0448689317039308,-0.0154514225606088,0.023538743676438,3.23912653276443
180,-0.0167046605478029,-0.028466282555799,-0.00108108021631854,3.22926976696467
180,-0.0360354245959507,0.00691811119917408,-0.0153201008009136,3.24260406766369
180,-0.0210441815001469,-0.0110755553134858,-0.00233640472616451,3.23361301030262
180,0.0315927009435592,0.00554019419870483,0.0101767052239421,3.24937046556466
180,-0.00820937704019691,0.00544789184489967,-0.00576414529060516,3.24041708913318
180,0.0229201959023554,0.0128478613143122,0.00999618314614466,3.24503172176996
180,0.00517273844990499,-0.0174851048989525,0.00820992887844753,3.23321394540397
180,-0.00106250057387203,0.0480499740312708,-0.00351133839371172,3.25954208100686
180,-0.000633302161325112,0.00495212435632053,0.0023148177980115,3.24477435940399
180,-0.0254341540140604,-0.000669176160484567,-0.0133114512538894,3.23279662684697
180,0.0241100764581916,0.00931178511436457,0.00779786179992828,3.24301244500873
180,0.00801653276451398,0.00566618852164075,-0.00230606590295874,3.24428226585541
180,-0.0392600922663861,0.0252474167907781,-0.0187247571098801,3.25328408246515
180,-0.000911641481934248,-0.00224787620604482,0.00113662777669867,3.2394556517191
180,-0.0118348060640513,0.00147103280914419,-0.00102025248955583,3.24293573737936
180,-0.0110253990448124,-0.0127302543041652,-0.00202780674048327,3.23345828091937
180,-0.0285131495216859,-0.0113012283751701,-0.0150349993214624,3.23430016415178
180,0.00257447997084583,0.0172520104741592,0.000385273969904817,3.25038941355901
180,-0.00467183936532933,0.0337216335184209,-0.00427327456153152,3.25210519576825
180,-0.00161642770327257,0.0108683627123409,-0.00136635094761153,3.24567936196326
180,-0.0160766096033838,0.019002639246221,-0.00456464389129768,3.25090950472523
180,0.0187439889777171,-0.0191620297812113,0.0129030194000276,3.23039652877701
180,0.00485596008830034,0.0159474647905362,0.00529373659099112,3.24643785778928
180,-0.0337013010953805,0.0180933046084004,-0.0156539523912955,3.2441185209165
180,0.0555528996806785,-0.0123184536001141,0.0260401548881631,3.23828634623577
180,-0.0113814248525417,0.0134365700595166,-0.00811716358770403,3.24770259744992
180,0.00420914177385562,-0.00791686782892087,0.0031438578589479,3.24310982879687
180,-0.0417319500637892,0.00525801454813303,-0.0178043266709688,3.23818898885175
180,-0.0052727528079995,0.0102931128963345,-0.00376792757315603,3.24309019898808
180,0.0237863414072064,0.0117285715643189,0.00795012120765315,3.24677544366434
180,0.0146460359356254,0.0211502067084681,0.00719879234454092,3.25184065089833
180,0.0102302985879815,-0.0209163916711394,0.00686033416612213,3.23466936675075
180,0.0260219075534476,-0.0098696516949225,0.0127151327194544,3.23937094301129
180,-0.00728367871926795,-0.0188985727290744,-0.00390275530670569,3.22557911359836
180,0.0146907220412469,-0.0112310489525145,0.00483974960515662,3.23089638944423
180,0.00473697613762148,-0.0203847690951976,0.00402990078702058,3.22891563507885
180,0.0142547017689307,-0.0286099920837797,0.00722019436473083,3.22662448967929
180,0.010893875178558,0.020161058348457,0.00148122655407507,3.24187993053393
180,0.00389797997959018,0.00759738080698124,0.00623969615705974,3.24378596430837
180,-0.00273110871200091,0.0291913446880245,-0.0024066748423747,3.25509848433601
180,0.0200247013633967,0.0163164747631511,0.00577987388109409,3.2509220445509
180,0.0151243387161591,0.0414576114693528,0.000819815532585055,3.25602261548485
180,0.00274562156003667,-0.00360316052305689,0.000135272395845951,3.23907463805888
180,-0.00128997864564067,0.0277463995077603,-0.00411662610985098,3.25194458021923
180,0.0250966091207403,-0.00216937458058724,0.0076791742915702,3.24128969468902
180,-0.0128956763062711,-0.0142441552930567,-0.00071890332562577,3.23714294392636
180,0.0172492096477493,-0.045524618606756,0.00891281216667008,3.21496042992035
180,-0.0118469812822823,0.00133471661852497,0.000571439431043046,3.24484354910978
180,-0.0101373247344325,-0.00500016787729123,-0.00215825690278388,3.23558816454124
180,-0.00671055509968761,0.010569764107151,-0.00253751520961494,3.24976799586544
180,-0.0270591700398443,-0.0205812435578167,-0.0104067484475193,3.2297896931307
180,-0.00672476682716688,0.0276100561159067,-0.00687317882045231,3.25099643547971
180,-0.0336717518502342,0.0131953777402549,-0.0204973260156999,3.24202936298077
180,-0.0336297456803406,0.039023748484427,-0.0184409286734159,3.25400058379051
180,0.0658269535980217,0.00920074194391281,0.0267962317802874,3.24975871654845
180,0.0203579008463869,-0.046468902558909,0.0162009460232172,3.21896385570358
180,-0.00985719552049625,0.028707770495503,-0.00393587774840944,3.25079392056449
180,0.0270297815359719,-0.0271047159325209,0.0117576997130049,3.23110517396921
180,0.0414869078649921,-0.0250970712046762,0.0155190817520391,3.23008510129109
180,-0.00520691596822619,0.013157052720328,-0.00106503679117583,3.2400710332636
180,-0.0141881328932524,0.0261473070521437,-0.0103524917836125,3.25049629514154
180,-0.0221459738440638,-0.00200832056251235,-0.0064485420978756,3.23724320537277
180,-0.0429105963359873,-0.00268780275313991,-0.0190923796656676,3.23771963570288
180,-0.00135642547561438,-0.0058986658271938,-0.00241682455026617,3.23479670537881
180,0.0348269728718457,0.01824758770509,0.014858509029857,3.24815512371504
180,-0.0176651314374693,0.0072116735124769,-0.0100142481036694,3.24482319261418
180,-0.00142665247652926,-0.00914387883067581,9.20454355948588e-05,3.23251845126455
180,0.00348843162779753,0.00325139673115134,0.000975739773301153,3.24677406239337
180,0.000241304398904516,-0.014272979784997,0.000167679639506837,3.23166597222717
180,-0.0143806502380569,0.0108951208894936,-0.00538624633804346,3.24031118717427
180,0.00403585435201253,-0.00795021888678363,-0.00160173581753967,3.23899319964272
180,-0.0306782325951179,0.0273127881281877,-0.0154303630995543,3.25259419451343
180,0.00561396948941481,-0.0263462527236221,0.00206396152643932,3.23229427466152
180,-0.021145506362533,0.0385644374824684,-0.00745858632213859,3.25459170929794
180,-0.00784288425057334,-0.0208465693604464,0.00102798064623831,3.22826602220746
180,-0.0225387685050681,-0.0312934686511362,-0.00813254920011402,3.22578636075256
180,0.00660031666444613,0.0169291799991506,-0.0010567534900828,3.24835151587196
180,-0.0174615005039474,0.0149415713060792,-0.00543217257583583,3.2446310082126
180,-0.00699704781703473,0.0114638110136129,-0.00572561912587613,3.242625959881
180,0.010177437649983,-0.0309440089300448,0.00814201979383201,3.22661359496841
180,-0.0125463835393097,-0.00653953052714235,-0.0058514325362361,3.2355896928679
180,-0.0205696969606758,0.0197499647663738,-0.0116441231878558,3.24252199583681
180,0.0158400180363243,-0.00410936283531922,0.0094666227343487,3.23525159901043
180,-0.00261788639144224,0.0068407109489989,0.000206341529956135,3.24601875870153
180,0.000586728401181227,0.00488939427899556,0.000641393423601078,3.24304501774811
180,-0.00839886111817276,0.000930064587874444,-0.00505548038736922,3.23732940161166
180,-0.0127459347888573,0.0223581015010526,-0.00711444671651368,3.24447083550624
180,0.0337609472055901,0.0469945006474652,0.0115072054848392,3.26231361154561
180,0.00966099664060417,-0.0301540788491713,0.00618985113667474,3.23087418314158
180,-0.00349492037591443,-0.00335459416645471,-4.03359301014512e-05,3.23323911498671
180,0.000320564204650223,-0.00758403650834061,0.00430520774670961,3.23788835470784
180,0.0148270562493133,-0.020260680635957,0.00899831667055809,3.22882798602386
180,-0.0170367738374683,-0.00378542026387093,-0.0019050226915847,3.23777189825254
180,0.0129659263141673,-0.028511935208272,0.00935789818192821,3.22540781919155
180,-0.000202111132748624,-0.0260279952505846,-0.00062692778106703,3.22298281807941
180,0.00110237052656742,0.0202774202106982,0.000257713856707478,3.2514589028327
180,-0.0134966490932008,-0.0137755286558992,-0.00685095838697606,3.24138962521265
180,-0.0171889407042557,-0.0330858986720022,-0.0080214879717347,3.22423591969221
180,0.00523198301345666,0.0313956445797627,-0.00151276107120039,3.2531078509537
180,-0.0152341343256847,-0.016828629205573,-0.00312623592545917,3.23029489937394
180,-0.0200476696325422,0.0239885526672827,-0.00791763657681422,3.24962838305928
180,0.0100363590403559,-0.0136245387628271,-0.0001121947907492,3.23045370818918
180,-0.00466758382028208,-0.0271823191894933,-0.001499368108641,3.22744342460493
180,0.000522323287386248,-0.00236007656244139,-0.00197949774776684,3.24346793889618
180,-0.0011929772262375,0.0279611101307545,0.00270323916635034,3.2524033928468
180,0.0212458992259156,0.00930372879743348,0.011519829974507,3.24486253155626
180,-0.0087625506729683,-0.0279249156623027,-0.00364470757079682,3.23040374284557
180,-0.0482678210446273,-0.0223972064511696,-0.0189417486263614,3.22506180848947
180,0.00321075818710789,0.0415701137762535,0.00149995052497704,3.25934154737829
180,-0.00763270817694805,0.0020988914117188,-0.000302850147744054,3.24009609275875
180,-0.0103116798683987,0.0383981499011511,-0.00857134403630744,3.25661113857048
180,0.0106800353652681,-0.0039674448670708,-0.00190171329651068,3.24092642185575
180,0.00542010791665499,0.0146569525278304,-0.00138399303521834,3.24755578593213
180,0.00541597964689513,0.0185488388674603,0.000734966669518818,3.24620266816898
180,-0.00905045629902957,-0.011751145931233,-0.00455371081635133,3.23621067027499
180,-0.0135216855851137,0.0106488448924092,-0.00634216417069101,3.24225810605211
180,0.00491883540840642,0.00833135990500486,0.0014021448897333,3.24463838798776
180,0.0312968060514815,0.0410592140434018,0.00729787579229515,3.25095745472161
180,0.00663682647643961,0.0215654981047156,0.000550628994078074,3.25043214541587
180,-0.0388725034720989,-0.00782546105122126,-0.0142127405125944,3.23487124531202
180,-0.00883007575676059,0.0342033201214097,-0.00239863792778903,3.25220356162059
180,0.000426376137101162,0.00404953825748145,-0.00428461277610019,3.23927591505316
180,-0.0130903569434303,-0.015813150616957,-0.00291369201303727,3.23090402556317
260,-0.0089525754821729,0.0118102811416136,-0.00731332634022397,4.68523187769111
260,-0.0110258526675449,0.0063509319560172,-0.00538704920883081,4.67751781509846
260,0.0141191552933595,-0.0102419011354852,0.00279670971741246,4.67920607306741
260,-0.00515987566560039,-0.00314904707281144,-0.00839731739419106,4.67995187663829
260,-0.0376744697335099,-0.0261694232242578,-0.0137838144676641,4.66893561568432
260,-0.033801686381136,0.00540520819182639,-0.0160827657319224,4.67692257401589
260,-0.00698210429913608,-0.0152375745723509,-0.00611741462352315,4.67119077442095
260,0.00633377801445472,0.0279674061314933,0.000554887753132945,4.68989307372319
260,-0.0126635147309067,0.00563318931520519,-0.00283139989256969,4.68083394357341
260,0.0168319349752342,-0.0256017269365769,0.00626767741624517,4.66703330758197
260,0.0224030199178796,-0.0214239776758814,0.0133345443225709,4.6707654725509
260,0.0116813082218663,-0.0242690349400684,0.0039540762434949,4.67180599560554
260,0.0344326336195806,0.00895734042099121,0.0150123453321862,4.68523335753448
260,0.0134989418800455,-0.0046841536345399,0.00199286518569729,4.68202150778331
260,0.014223404868731,0.0305379695055801,0.00707043984216345,4.68724136114822
260,0.00907865118484223,0.00281573185634865,0.00506395304725044,4.67846974657544
260,-0.00807970412003327,0.0235185084146629,-0.00435304868322587,4.69061904684142
260,-0.00360893504215966,-0.0052776033762272,0.000281349058865475,4.67692027414717
260,-0.00836312656173085,0.000640694517742144,-0.00432923743321141,4.68252983900597
260,0.0146075122790748,0.0228034739968242,0.00532076137667781,4.69223371771984
260,-0.0188495861026095,0.0121163534656239,-0.0126620293281697,4.68457231186344
260,-0.0153312788811858,0.0155010445478486,-0.00865332244433159,4.69129449267892
260,-0.0347258574271961,0.0107606061524409,-0.0144465721527075,4.67600051029504
260,0.00708657452308618,0.0125788844936887,0.00194123874772756,4.69124146943559
260,0.0123899935455457,-0.0188289914127138,0.00635507139392435,4.67481453439354
260,0.0173495782008209,0.00583381549761358,0.00852468364325288,4.6851453819931
260,0.00390794980144039,0.00443118469643393,0.00480950528104809,4.6859299686289
260,-0.00310314900745694,0.0238466569641199,-0.00179251694861374,4.68758019866624
260,-0.00554187779376578,-0.00172039579629427,0.00165618201826394,4.67746027104721
260,0.00683860553292167,-0.00368860449286826,0.00255505201826906,4.67712831478419
260,-0.0197992959321811,0.0217947298304446,-0.00769203512130498,4.68884826141847
260,-0.00852830331861655,0.0488936391207872,-0.00965038678343129,4.69799834987041
260,0.000628304386549142,-0.00898271489997342,0.00290399098123836,4.67221967011242
260,-0.0361352437145452,-0.0278128955267744,-0.0126122472453808,4.66431424676166
260,-0.0211666403010321,-0.00227597904366977,-0.0110375156320327,4.67537720751075
260,-0.00770473938404096,0.0187630825331867,-0.00111863761677927,4.68685689031537
260,-0.0234332106319437,0.0221052071179591,-0.00883309568600531,4.68899591352897
260,0.0201416079928569,-0.0095799029256408,0.00705565249706055,4.68105042150708
260,0.0331753933717955,-0.0140817110310116,0.0100759168180488,4.67789705620291
260,0.00984026713074304,0.0147282976330189,-0.000125249156574673,4.68804691698507
260,-0.0199805331500746,-0.0698099562393745,-0.00309335940032766,4.64998574070358
260,0.00056263577960203,0.0185800399883163,-0.00231956344042555,4.68258261468615
260,0.0104040412831424,0.0181641347612189,0.00496997814413502,4.68470165755295
260,0.0112822449872637,-0.0239243886564198,0.0068841578064651,4.67082443083343
260,-0.00631598360385727,-0.0103391200684597,-0.00127303904952355,4.67805706086117
260,-0.0165976312627987,0.0136834828310204,-0.0104017023843346,4.68455221827408
260,0.00158795307621111,-0.0148217337297457,0.00285134899951476,4.67381952414212
260,-0.00707131564538381,0.0042967058757248,-0.00557377171282154,4.68512322578832
260,0.00562461403177838,0.0205843478062966,-0.00058272939314714,4.69365467268254
260,0.0142315415801619,-0.00104565605164284,0.00720683703962123,4.67801427281927
260,0.023031471546318,-0.00829895046578031,0.0117712723659051,4.68007616798025
260,0.0241427379866705,-0.0171825541047368,0.0100356400180128,4.67229830971466
260,0.013010732479576,0.00261643280999224,0.00485558060029941,4.68388962035846
260,-0.00751161484766877,0.00509109755199468,-0.00833393751909256,4.67862476521711
260,-0.0223199373232787,0.00443365798740432,-0.00515657913036675,4.67539730586587
260,-0.0119877055363647,0.0163464274319621,-0.00472118885616324,4.68552044538047
260,-0.00935425211439245,-0.0129265807691468,-0.0033591993683538,4.66996327012179
260,-0.0369732089883579,-0.0207679267074228,-0.0162687056119122,4.66789731275108
260,0.0232911626594537,0.00454884208961563,0.0109737962297986,4.67970848514354
260,0.0122566747305372,0.0227245058049415,0.00308888552334684,4.68698469117953
260,0.0142370403629383,0.00400948326428862,0.00905422003307663,4.68254259381124
260,0.0177714229122944,0.0154940276837818,0.00891273548053003,4.6896649816801
260,0.0133985274951907,-0.00654078384349432,0.00387591600227539,4.67675485508534
260,-0.0188120425286396,-0.030922546750718,-0.0117615757282409,4.66092006592631
260,0.0228879922407608,0.0244985847442748,0.0124799185331851,4.68683359956342
260,0.0156748222608456,-0.0550344477095102,0.0101800041484654,4.66169482906517
260,0.02582607005602,0.00677623142323372,0.0081527833164004,4.68804259055116
260,-0.0240631324025827,0.00514074985498961,-0.0139868070880177,4.67884411974423
260,0.00893098987744982,-0.0164658676414696,0.00610184972742261,4.6720567839907
260,0.0119532609783098,-0.0024253665369709,0.00536132661181044,4.68052627833671
260,-0.0127497038929119,0.00932706884906689,-0.0117387455083459,4.68629385909443
260,-0.024583534812674,0.00189646988753007,-0.0118223868142594,4.68077337434322
260,0.0134859388750387,-0.0151498165727874,0.00260338401852073,4.67368644895795
260,0.0405343605235877,0.00813491836164219,0.0213754340130089,4.68633095295797
260,0.0349906323240726,0.0301176366756475,0.016050512906089,4.69410754066302
260,0.000622650984977593,0.00378904054458069,-0.00716001140450307,4.68484260484984
260,-0.00440746798730422,-0.0174895061025714,0.00235928433684443,4.67967092336182
260,0.0150254242416688,0.00770828091770999,0.00873742205452671,4.6834540480704
260,-0.029589246356621,0.0107339343170701,-0.0124317082514715,4.68436201198181
260,-0.0223166643351357,-0.03139483162349,-0.00609903522173832,4.66572368066546
260,-0.0488618308778066,0.0126955058270551,-0.0218554171123662,4.68290225141234
260,-0.00245031064724166,3.43036331493506e-05,-0.00165557954712101,4.68111856414387
260,-0.0274407366368671,-0.010589509949129,-0.00834869846562189,4.67664041562728
260,0.0588457221105656,-0.0446768758582584,0.0266298778787488,4.65724026481976
260,0.00984577791309994,-0.00625203656578062,0.00738379510664876,4.67947008775121
260,0.0342715592358119,-0.0168966082315753,0.0166850265235436,4.67352818518764
260,0.00483994994988373,0.0268909479024561,0.000934281713377092,4.69249561126764
260,0.00973114386540353,-0.0196634197978185,0.00975071397313075,4.67855670497395
260,-0.00221191869157331,0.0174836383374248,-0.00610510701343595,4.68834655052226
260,-0.0027645102940669,-0.0298197149242211,0.00210873398222815,4.66555935218055
260,-0.0398077325885396,0.000204426036963624,-0.0248134102106358,4.67926557550791
260,0.00692717977900877,-0.0145193598353811,0.000252615431587713,4.67771605630331
260,0.025948932080145,0.0107039663032561,0.0114675348817249,4.69020901022722
260,0.0256828378479795,-0.00820949070171078,0.014611850944516,4.67710613035924
260,-0.0106778508781806,-0.00988025438630724,-0.00331024716533786,4.67170415867824
260,0.00374155966244219,-0.0218627867538707,0.004932981216246,4.67552858273644
260,0.0317634311949697,0.0327887842691384,0.00938918318802545,4.6958699079396
260,0.0293222517446419,-0.023422138338787,0.0145045090928229,4.67478407120255
260,-0.00756647892630995,-0.0134609764340138,-0.000653034315047725,4.67290444318468
260,-0.0155857133484253,0.00338519624155601,-0.00548602208118552,4.67917276298535
260,-0.0253038255087997,-0.0057496665272144,-0.0144732292282902,4.67398563582179
260,0.00244589675633526,0.0339232011767552,-0.0059049069311264,4.69545683495489
260,-0.0118010803909295,-0.0132460510452899,-0.0044823586849079,4.67595623466029
260,0.00307588662394517,0.0135277757918734,-0.00297695508504104,4.68534239732737
260,-0.0398098879460692,-0.00271630732479703,-0.0178983198071102,4.67854611101027
260,-0.0117129266955656,-0.0107704953806432,-0.00449125010353691,4.67410146158116
260,0.0147364300883876,0.00958646701585208,0.00553248136770205,4.68465662294885
260,-0.01890327645611,-0.00766736720891443,-0.0115912908513357,4.67174210414794
260,0.0117302348075878,0.0278296506620945,-0.00216900166076487,4.6947447677121
260,0.0146528105216154,0.0277613575461188,0.00247831703139225,4.69088703668112
260,0.0372130072599108,-0.0312684704825199,0.020646445559724,4.67711042988506
260,0.00805702219029515,-0.00728345874133248,0.00429941386674374,4.67820049084221
260,-0.0172901377796618,-0.0219006626981294,-0.00621222506835719,4.66626091013948
260,0.0126997933783382,0.00880232187244155,0.00616458717316517,4.68833516347486
260,0.0272084170011636,-0.00805179677386923,0.0130320172130119,4.67887960772029
260,0.0156832837814719,-0.0158870495555912,0.010740992750948,4.67558980265327
260,-0.00992458418390112,-0.0596792548912216,0.0038723468196877,4.64910414089773
260,-0.0221961919709947,-0.0247843738672838,-0.00497014022109014,4.66953481930169
260,-0.0084182142688799,-0.0114965341934201,-0.00128316697762798,4.67645713264612
260,0.0163822056345082,-0.000346881001728259,0.00662938209149616,4.67908587229694
260,0.0165267784592814,0.00837476081439035,0.00592088791580432,4.68576838704926
260,-0.0253949819415431,-0.0573099752291362,-0.0037052798763808,4.65452264879192
260,-0.0318863408563591,0.0012912652451098,-0.0134020074681688,4.67687783071536
260,-0.0274840514098283,0.00568258497072297,-0.0141630923816745,4.6796516319279
260,0.0235331593224198,0.00897318485162893,0.00796564161933547,4.68507230461061
260,-0.00775426904652144,-0.0110581824675915,-0.00182066523898724,4.67820626669604
260,-0.0177335627221483,0.0214195899870267,-0.010011690908815,4.69038218855227
260,-1.08844390650211e-05,-0.0363354850200046,0.00602267676998559,4.66941432765617
260,-0.0155178951242303,0.0297826254895337,-0.00988921913297848,4.69072375396566
260,0.00453732804067589,-0.000611685944466752,0.00230563284807665,4.67988396433657
260,0.0035889208152965,-0.00926531884374697,0.00522219321036697,4.67435015399217
260,0.00870804902011878,-0.0259190255437302,0.00327427698704472,4.67184627451912
260,-0.00306412119681753,0.02052257096755,-0.00460077849565398,4.69001742114507
260,-0.0239259206887254,-0.0234460710176564,-0.00802637199448105,4.66384483608232
260,-0.0281017319303019,-0.0245626788006922,-0.00701425708227844,4.66481290335296
260,-0.00430726304013784,-0.0350727431392674,0.00405221074953372,4.66323116500151
260,0.00259335077120414,0.0449517512801848,-0.00415641342975794,4.70082301773827
260,-0.0110300698038395,0.0122359520000434,-0.000953228278252586,4.68566610973174
260,-0.00852328400805621,0.0368182208238476,-0.0042849839832874,4.69448572413143
260,-0.0185485734263873,-0.0244463871808425,-0.00507053751266426,4.66244711164799
260,0.00737206360974252,0.00867453227222561,0.000469375563238676,4.68698861748
260,-0.000816384480487228,0.00385693884616801,0.00165360081928236,4.68326309067564
260,-0.0220393722651228,-0.0145104744339116,-0.00600144394027753,4.67227979220079
260,-0.00687453374753805,-0.0228271015393684,0.000372737581277082,4.66384751945427
260,0.00766383348494548,-0.0250671547404515,0.00597256933669892,4.66500186589319
260,-0.0144464438768672,0.0291415543478174,-0.00397002291454573,4.68829334138738
260,0.00848204686944272,-0.0100847310617664,0.005308481475773,4.67632100079673
260,-0.0228150634696047,0.0162349281357951,-0.0158353977514677,4.68458708553779
260,0.0507603412587375,0.00866231872014523,0.0237344013471585,4.68760825842905
260,0.0108894352284583,0.0329217315901821,-0.00400643319134297,4.69411504604052
260,-0.00242694599166999,0.0146546366418186,-0.00111125617039495,4.68327552718331
260,-0.00678108905429751,0.0131116168646851,-0.00694204474875183,4.68484410430831
260,-0.0311077146180741,-0.026126332622516,-0.0161186603384121,4.66203950111546
260,0.0458647679382521,-0.0146631193890844,0.0224936978863021,4.67266762357822
260,-0.0133152840897487,0.002905471249469,-0.0127430109424448,4.68070796724969
260,0.0199661714592939,0.0212941689842054,0.00458729029540171,4.69589003872374
260,-0.0100909550402244,-0.000579543628287798,-0.0119535397098524,4.68681827386879
260,0.00839975826830681,-0.0260560699565317,0.0021116007983079,4.67226130729568
260,-0.0287888606603263,0.00446660349769416,-0.0157157322850275,4.67748600061236
260,0.00518770156590305,-0.0029963104845193,0.00607342320799151,4.67369647920979
260,0.0308024827681697,0.00212949915255305,0.0134316614969732,4.67989305258746
260,0.0178435513427626,0.00246240350438352,0.00901571788597603,4.67455906405049
260,-0.0372069061901823,-0.0149755605322593,-0.0141850715647689,4.66600586183702
260,0.0144420328459032,-0.0419276522351388,0.00963154014190481,4.66726807511977
260,0.0304869188124048,0.012123608998388,0.0132004160969816,4.68490186890394
260,-0.0245347958834844,-0.020087343607423,-0.00531229134275776,4.66678733329045
260,0.0113042193761741,0.0111105657372544,0.00308384771566765,4.67761826468909
260,-0.0196754142258386,-0.0189901714021897,-0.00632157132795026,4.67281879945642
260,0.0047228970058902,0.0303411950539407,-0.00252271900865864,4.68800959257964
260,0.0415495903722857,-0.00950074062419993,0.0149225244781055,4.67798232051928
260,-0.0359375260133974,-0.022986497595448,-0.0122883895504703,4.66557103463943
260,0.0362474163113925,0.00862295610675938,0.0180023090689379,4.68366817129524
260,-0.00218752369237098,-0.00302799776301302,0.00167787823956472,4.67592449649362
260,-0.00895993481276173,-0.0253066932313815,-0.00589068734977688,4.670300908889
260,-0.0097871389288836,0.0131342189163944,-0.00694149784555603,4.68080128649212
260,0.0434023422595948,0.0275570508616472,0.0180296519280124,4.6966117692458
260,-0.0169027673868353,3.03840967933992e-05,-0.00723941885675521,4.67970928183046
260,0.00647426463984597,-0.0189742710189152,0.0078474082365381,4.67097648813663
260,0.0177703435151693,-0.0190614213275015,0.00687532137237578,4.67273719689296
260,-0.00145502473857514,0.0211324832014321,-0.00564537748077843,4.68883672870605
260,-0.0284909067462103,0.0203524467592214,-0.0150450836767582,4.69040337403169
260,0.000822684209136628,-0.00796913943811968,-0.000125102011245836,4.67727272236074
260,0.000682340214912059,0.0264918146042114,0.000910434502423718,4.69321100721299
260,-0.0173002630218047,0.0532394968954231,-0.0136426897798194,4.70284510124493
260,-0.0151119190488818,-0.00999416385562579,-0.00601226806255167,4.67681818271959
260,0.0305847737809229,-0.0133480393807788,0.0178945188804189,4.67687890594255
260,0.00849253963825217,-0.00913363465329213,0.00915276123620245,4.67898820401795
260,-0.0136187798197618,-0.00121130446985411,-0.00446289371572899,4.67997015764829
260,0.0106042083399376,-0.0212595243854246,0.0106371815516588,4.6746097709545
260,0.0316846249678931,-0.00723325606991246,0.0130676736829575,4.67871263527934
260,-0.0148362677764334,0.00604340340825305,-0.0100961152070997,4.6811835022579
260,-0.0303907176987567,0.0292265277819597,-0.0143398480784273,4.68930153564619
260,-0.0127180545820791,-0.0123283666248839,-0.0032076281028868,4.67788722202371
260,-0.0472360107197476,-0.00950867377971842,-0.0225809707135635,4.672058810646
260,0.0250986926982713,-0.0200841184288996,0.0106389704695091,4.67211906428596
260,-0.0301546224820179,-0.00395671306566303,-0.0117146787673227,4.67879892620419
260,-0.000389333323510604,0.0283332870277587,-0.00507141477847108,4.69605008021592
260,0.0203048829509721,0.0127764106422921,0.00880620620163371,4.68602711517774
260,0.0183311279454352,0.0285305528657333,0.00561210945167385,4.69740111599616
260,0.0337130333375125,0.00402913703704975,0.0123507542783082,4.68005509459376
340,-0.0136127085446982,-0.0207391506746498,-0.00266995374343302,6.10991351014725
340,-5.54847939618074e-05,-0.0191794618393634,0.000693966138505014,6.11368227178499
340,-0.0120015970806527,0.0229380816381623,-0.0116798758920733,6.13063954845732
340,0.022770016839169,-0.000668474758861822,0.00854768359598315,6.12424464396738
340,0.0247722008477222,0.0346250190941642,0.00648601958251919,6.14111735127089
340,-0.00503920053995182,0.0186178672014489,-0.00399111662380071,6.13293471712005
340,0.0132606338801091,-0.0315043397790232,0.00683038880775654,6.1078051850638
340,-0.00827751113780231,0.0270499093360037,-0.00993019819049605,6.13462741574801
340,-0.00133568798409148,-0.00361180010294477,0.000636590807298245,6.12019209283189
340,-0.00718831599605411,0.00746920182479684,-0.00433316224988955,6.12187006286967
340,-0.00621397338990524,-0.0297739633584658,0.000842670585890679,6.11084619585315
340,-0.02360890132867,-1.00598923656495e-05,-0.0112959285179228,6.12257349768304
340,0.0261283449139611,0.00460446281293045,0.0142514426186806,6.12553491992932
340,0.0265666713437993,0.0337137726226693,0.00774012406867149,6.13384691658183
340,-0.0156766158252524,-0.00955457645343874,-0.00385076752481734,6.11810941595148
340,0.0055913449719679,-0.00916622420916288,0.00714212913541593,6.11540762573556
340,-0.00477371707129101,-0.0317575753871287,0.00244737456282035,6.10838654700935
340,-0.0137642106665864,-0.00952867586224795,-0.00207678129901312,6.11273608328367
340,0.0479009217959665,-0.0085565551758974,0.0229788196664017,6.1204320385977
340,-0.00869427178243971,0.020972779967631,-0.00629582910072998,6.12752694555056
340,0.00137067639889777,-0.0176340421232119,0.00686240683502648,6.11097569746106
340,0.013482352654427,-0.0324941838191229,0.00231316860543108,6.10998190850906
340,0.00665416155514018,-0.0227679520373889,0.0105725825847509,6.11143349848472
340,0.0355250962812574,-0.0236969917331668,0.0165792534754662,6.11495548792337
340,0.0472618423570801,-0.0141723789525282,0.0243369236452905,6.11642318017331
340,0.00535804924499878,0.0212235200294295,0.00145609805377552,6.12837831734445
340,0.0254356251847676,0.0148622344190514,0.00859412924011519,6.12954311187298
340,-0.0030303853265115,0.0107135088648023,-0.000769901776530848,6.12462123268566
340,0.00478745760324252,0.0213934893994668,0.00163474686581018,6.12847986769257
340,-0.0457935634378109,-7.06776245210365e-05,-0.015562320936558,6.1164582290589
340,-0.0222167573028455,-0.0144584372283191,-0.0054155586003604,6.12021546373268
340,-0.0131148388012947,-0.0287778012875676,0.00330738218219577,6.11042499238179
340,-0.00742657611257843,-0.0111017156755184,0.00173923751840751,6.12187045091396
340,0.0300822817527437,0.00753488941895162,0.00881004764531488,6.12600679195805
340,0.00893342171072895,-0.0545409400558932,0.0123192935731655,6.09597649033618
340,-0.0120501519560139,-0.000915258555604511,-0.0030318007800404,6.11161718637648
340,0.0125223775081857,-0.0216029530743873,0.00564645163299201,6.10792337317969
340,0.0281153302928002,0.0275239052214063,0.00404450420650825,6.13265237846643
340,0.0134996636217406,-0.0156775205543871,0.00723010085638579,6.1125214513005
340,0.00358796929767112,0.0264918538227819,0.00255080077064406,6.13038893656863
340,-0.0257523558669613,0.00574543562618237,-0.0105160238764588,6.11935838116529
340,-0.0437112274150186,0.00459633087715084,-0.015985038016554,6.11606542749597
340,-0.0314096840271561,0.0115955014200633,-0.0150722862437652,6.12355622367972
340,-0.0208909682298955,0.0169093830911105,-0.0115571531632505,6.12083601870056
340,-0.033604257773054,-0.000886952949698538,-0.0125156120307013,6.11858873827316
340,-0.0118155587964696,-0.0189270914094838,-0.00423300139946895,6.11128552091501
340,-0.0142421823388932,-0.0195936119161009,-0.00200930821225679,6.11149789191749
340,0.0173717036236462,0.012755870666329,0.00448808057440731,6.13125648372067
340,-0.00929570885221047,-0.0160065520268505,-0.00105921194682783,6.11336803775983
340,0.00543890881983269,-0.00730776440865934,0.0028186442503535,6.11773318284646
340,0.000264545098358486,0.0178692980000859,-0.00120634205779826,6.12524791086619
340,0.0180865331713854,0.0153460478126036,0.00342980039644024,6.13157462530467
340,0.0303181020250664,-0.0613750917436699,0.0225524244835185,6.09772427630848
340,-0.0421333469542847,-0.00921321559611352,-0.0233351038411029,6.1141117383699
340,-0.0284914975436937,-0.0184658441831118,-0.00764042631236801,6.10478736531158
340,-0.00979022589367691,0.00458624690428081,-0.00106361857395154,6.11898145173058
340,0.00200920765659554,-0.0394480308510266,0.00693235912096831,6.09882747660385
340,-0.0161750978820566,0.0180745353627214,-0.0122263835752312,6.13131390965298
340,0.0121937443964105,-0.0267082966466624,0.00945445269367335,6.11072116937655
340,-0.0485191683617669,-0.0122535867511871,-0.017409617779183,6.10806316475708
340,-0.00107943562492112,-0.0242233512043341,0.00158245579896103,6.10713180671664
340,0.00116574752071452,-0.0160751280697812,0.000358641499936395,6.11517380586288
340,0.0306443131976348,-0.00368663072281162,0.01827145594512,6.12208683034092
340,-0.0227160390642589,-0.00361119126595672,-0.0113953185946164,6.11700607252732
340,-0.0218227039549487,0.0122766108192699,-0.0104177979767205,6.11929215486572
340,-0.0124871113810272,-0.00960381723906402,-0.00267594783513021,6.12003126138223
340,-0.0615394280382045,-0.00529546097657557,-0.0274151953583407,6.11294170247234
340,0.00780398232697184,0.0145128333545361,0.00183975287391959,6.12773882492031
340,-0.0215729866356204,0.00726211435185492,-0.0114263345763976,6.12300428975952
340,-0.00936969056440235,0.0264019467046831,-0.00470089573791393,6.12825954557643
340,-0.0320062775506955,-0.0230818298365573,-0.013098543025027,6.10677627201028
340,0.00828694727470653,-0.0353747780929243,0.0112618091941453,6.10281496869918
340,0.0057297829082961,0.0124624920409624,0.00313728744531813,6.12964552185983
340,-0.00893093260990994,-0.00877896258959118,-0.00316915910596688,6.11994329395876
340,-0.00760102589562889,-0.0147586184408764,-0.00281451778261732,6.11237047125202
340,0.00605344772902523,0.0431319327997116,-0.00238278369818719,6.13866029346459
340,0.00885564638513214,-0.00178021118281122,0.00753755993778071,6.12019283278677
340,-0.0257331442868575,-0.0050587551077199,-0.00724021202272773,6.11767041096465
340,0.0270943336560947,-0.00407518896036424,0.0120509475047118,6.12162296215525
340,-0.0174338036533662,0.0317132717953758,-0.010848456567328,6.13277174001951
340,-0.0132074636959491,-0.00717935100022032,-0.00588453279606403,6.11446060383427
340,0.0111607214341419,0.0168696850960981,-0.00069940485791371,6.13517659294261
340,-0.0289238418960894,0.0207191302533963,-0.0168377352367701,6.12954175349166
340,-0.00861540081397137,0.00779813246283241,-0.00797892177551906,6.12358037272053
340,0.0332844650366169,0.0159551093486146,0.0106456182339611,6.1307110871965
340,0.00123645772180191,-0.0168689296143619,0.00837837222737207,6.11635020025793
340,0.0220432755011727,0.00736683247653063,0.0100081689075994,6.1270666138008
340,-0.0492247775119612,0.0359938745450577,-0.0199843169210333,6.1305746107272
340,-0.00240009221552329,-0.0125993975936708,0.00102958891391331,6.11461969866342
340,0.0278411532366202,0.00554528635890221,0.00748228405704671,6.1220441080268
340,-0.0158187734973761,0.0175761736961581,-0.00510779459531035,6.12897515133865
340,-0.00172104839258344,0.018499762010439,-0.0037199122153566,6.12691262834064
340,0.0117587410971634,-0.0365837927618444,0.00829126558578982,6.10472957461133
340,-0.0329461200224392,0.0186731121010417,-0.0166668505708834,6.12264757135578
340,0.0166718483261327,-0.00982577708662531,0.00627750841947489,6.11740509904402
340,-0.0187304364980786,-0.00981264974126368,-0.00382591723533081,6.12089106015298
340,0.00981145412211103,0.0146978294578966,0.000581884788211848,6.12726681954516
340,-0.00511687904936017,0.0314080701911278,-0.0047151956287962,6.13625330267173
340,-0.000238816082069376,0.0141006867355821,-0.00437204204642066,6.12651671658973
340,-0.0220594956905039,-0.0364399925338251,-0.00600993461700865,6.10353755849663
340,-0.00945378617572511,0.00319885026795138,-0.00992593654519509,6.1258396852479
340,-0.0165656228992723,-0.0358776251203833,-0.00315964183793126,6.10406055073472
340,0.00206093374965922,0.00654869177834762,0.00107493033721199,6.12426390094084
340,0.0525285324041861,-0.0331014138013959,0.0267167080241501,6.10825678566524
340,0.0211186647061797,0.0156496346019139,0.0101928055579062,6.12859488890197
340,0.00216313933690646,0.00192651757057833,-0.00136572962235656,6.11725793148344
340,-0.0364995177847464,-0.00918424777264542,-0.0140356490432682,6.11374717522125
340,-0.00509129061010092,0.0264189739044382,-0.0077285144777419,6.1279610384281
340,-0.000975784077772016,0.00729669273507517,-0.00204728394001229,6.12338527640862
340,0.0160616954950046,-0.0080461281646502,0.00371498266441327,6.11601000202794
340,0.00678985719883856,0.0146084795154171,0.00556717710761946,6.1242223627503
340,-0.020801381339742,0.02395765083633,-0.0104620542096795,6.1240357313382
340,0.0348265094320639,0.017234267540712,0.00830095242444698,6.12798584331511
340,-0.00942934240539183,-0.00333084493256348,-0.00630402947503596,6.11259916052756
340,-0.00608305054304578,0.017926596831709,-0.00618044105160079,6.1240966319205
340,-0.0102370640847878,-0.0295782853387532,0.00404522739004264,6.10587032919939
340,-0.026078354293035,-0.00166731144305638,-0.00907898088903264,6.11723176373597
340,0.0125636569238827,0.0138671081883562,0.00337139629091366,6.12705823857948
340,-0.00199768179752802,-0.0217478326901336,0.00133382705537694,6.10868909708061
340,-0.0200864313330465,0.000445976874672978,-0.00675639550387549,6.12433610057236
340,0.000769325843523501,-0.00558836016055578,0.000744155120433333,6.11182616650506
340,0.00782918756794194,-0.0210295165597156,0.00233121917807005,6.10607152856611
340,0.0381450200138195,0.0159276843396576,0.0162524024352095,6.1265552043609
340,0.0228234423379051,0.030953055339134,0.00149365728169184,6.13469415992792
340,-0.034625522000751,-0.0185369364533404,-0.0120407367817871,6.10810342278263
340,0.0400764467624658,0.00894186556090051,0.0186743449421547,6.12705126416493
340,-0.00131795429376738,0.005463866885254,0.000917263400224822,6.11785819623929
340,-0.0166087087848593,0.0288189237007827,-0.00879792027351234,6.12798887421088
340,-0.00901151070569438,-0.0378182137419263,-0.000997326707473653,6.10452483817526
340,0.0152031802445555,-0.00462205296990972,0.0109194800800633,6.12173594929893
340,-0.0104902826415897,0.00435938764631223,-0.0055703943004646,6.12081186675919
340,-0.00331297366336807,-0.0169796782375491,-0.00266470054343277,6.11401858396974
340,-0.0108554804545171,0.00855372344873148,-0.00672385915899622,6.12591038867735
340,-0.0236058666089514,-0.0225501677588376,-0.0060180594285475,6.10944563077961
340,-0.00407831268807167,0.0115984054025855,-0.00111471098943216,6.12266084184331
340,-0.00826569501313654,-0.00618973826724762,-0.00453183911926204,6.11509399372934
340,0.00264056955442947,0.0121262534314469,0.00371647484692682,6.12180220354868
340,0.0243717876864615,0.0231158630493043,0.00872263040238374,6.12961484074279
340,0.0228198763821457,-0.0243253157185546,0.007361986115392,6.11400000772847
340,0.000363629348215325,0.0192789470792148,0.00631567952303858,6.13297927480194
340,-0.0086031740703381,0.0206334335138118,-0.00829129727111629,6.12881473885332
340,-0.00736043667957239,-0.0155516306132799,0.000725591935896674,6.11036013626145
340,0.000839216847708194,0.025689215671278,-0.00208510362142006,6.12775378036342
340,0.0124755095556243,0.00344094455169545,0.00992431426340513,6.12307315601303
340,0.00383041230219171,0.0230938511998539,-0.000279551622194136,6.12911062748143
340,0.0119319592372778,0.00737440056901979,-0.000508648563243009,6.122605195576
340,-0.0134506037800536,-0.0208543887844566,-0.00318127341450088,6.11235562387475
340,-0.0340624468201566,-0.0243280863847676,-0.0109696226031603,6.10865297236468
340,-0.00525880087141347,0.0230248377300362,-0.0095694218551253,6.13436762814261
340,-0.00499412591664484,0.00378068128396673,-0.00550214000451527,6.12682568246206
340,-0.00688852854346609,-0.0252632406843209,-0.001641737210187,6.10877803943825
340,0.00987953409194314,0.00708491927197611,0.00384378815050641,6.12600691322503
340,-0.0217344837885431,0.031019114427132,-0.0120591495653595,6.13764667416732
340,0.0286628240850179,0.0175618293709191,0.0142774965722623,6.12555019049651
340,0.01766092380585,-0.0322794847081677,0.0111866491560906,6.11006164014621
340,-0.0194723732162244,0.0018107388006195,-0.0105041686104069,6.12300959171494
340,0.00718258403623312,-0.0301331755099235,0.00816573153395045,6.10529822761856
340,0.0390613266006179,0.0312908117357531,0.00598725425694018,6.13545352785117
340,-0.00549861810660533,-0.0301611468160732,-0.00166513842047576,6.10636296911381
340,-0.00933040950388431,-0.0123827048854123,0.00118729334505214,6.11381448572635
340,-0.00100919806649049,0.00527568197515749,0.00181557758767262,6.12198148622433
340,0.0165533852446501,-0.00465299804561177,0.0059670900499979,6.1147880266233
340,0.00708780702651017,0.00686702570994948,-0.000785559751853703,6.12618584953739
340,-0.00865569357556677,0.00127620140223879,-0.000935199003905863,6.12277671456326
340,0.00701592114511337,0.00292636879000335,0.00564070774875863,6.11819047683381
340,-0.0271012212133816,0.0395992912215813,-0.0130177588353369,6.13538062285552
340,-0.00302584602925799,-0.032897693139269,-0.000617099187236572,6.10431725342318
340,0.0305809887570067,0.000878568884753966,0.0145502209676843,6.12071378295433
340,-0.0201826359380349,0.0440772831886792,-0.0186432985282675,6.13990032043993
340,-0.0182019491987833,0.0346576952934822,-0.0134413414114146,6.13517416591494
340,0.00240389861771024,0.0229029779265142,-0.0033211938833537,6.13091421885113
340,0.0132208739612639,0.00257604129922399,0.00244621172258503,6.11922691875669
340,-0.0236835450624508,-0.000368895478128596,-0.0139215446472281,6.1184831282874
340,0.0147011989974154,-0.00450206121157203,0.00936546135942291,6.11643490963838
340,-0.0339248490830299,0.00901131069657876,-0.0188257993079849,6.12329964009731
340,0.00319805637247067,0.0165218741978757,0.00313581714514358,6.12826435102939
340,-0.0138359799890665,-0.0140041925315885,-0.00696902908381394,6.11092437679046
340,0.00419649544489595,0.00414301529923351,0.00724516739005778,6.11961675041792
340,-0.013778110688662,0.0368478661257608,-0.014509726110386,6.13650668486035
340,0.042478830353384,0.00404633332444236,0.0179760442754485,6.12147572366401
340,-0.00438557373445829,0.00144628451253486,-0.00321005474755391,6.12118222297612
340,-0.00495730340487247,-0.0170401062540423,-0.000762488126808622,6.10823888612597
340,0.000517905380803127,-0.0187464594811321,0.00326572570903284,6.1148000329461
340,0.0259513693483593,-0.00831363185431189,0.0162402798966976,6.12310780097374
340,-0.026664260119229,0.020231714366164,-0.0111709009954701,6.11998245015029
340,0.0305405524454657,0.0201206906131693,0.00529827096292259,6.12872891602274
340,-0.0200477947112656,0.0201689923685399,-0.00563929559973894,6.12560383164602
340,-0.00524018153387821,-0.0445960571986034,0.00414071857661785,6.09993539183729
340,0.0127506407945309,0.00137043557380477,0.00258200183116763,6.11823267357298
340,-0.0279285075632032,0.0107858776911435,-0.011112635944241,6.12227792910603
340,0.0180432286380936,0.0434256127931206,-0.00236879747058126,6.14504853003421
340,0.00425546003341971,0.00151838093394416,0.00472907052313216,6.12382489360436
340,0.022188068363034,0.0248657350427982,0.00879481833340912,6.13651890651927
340,0.00392033327588882,-0.00247164780325757,0.000218810308005079,6.12018436680697
340,0.0197519707096525,-0.0230615639035093,0.0096075533490631,6.11234795203024
340,-0.0131368570056901,-0.0135219690257231,-0.0050120129261992,6.11162127322293
340,0.00314659858512663,0.0273841451131219,-0.00616364318083856,6.13257507162037
340,-0.00338687670139531,-0.00213156125775369,0.00191857335103436,6.11797091211383
340,-0.0401187106008395,0.00778774503290139,-0.0137881972906638,6.12403585490846
340,-0.0177106648826203,0.0358439190814811,-0.0088136384509311,6.13563043003192
420,-0.0219456878010727,-0.00414057421144166,-0.0110451384762168,7.55500838602054
420,0.0194532661658766,0.000152062208662552,0.00839551976276642,7.56360026361197
420,-0.0321549934848334,0.0196249456286602,-0.0171155777887929,7.56228294562645
420,0.0047693084464926,0.0038861751898669,0.00123546716985872,7.56021283158912
420,-0.00559239320746594,0.00518291147610617,-0.00163106204717953,7.55982673973879
420,-0.00847757787732203,0.0136918893253357,-0.012710168304128,7.56636748402112
420,-0.0264446653255688,-0.0018658632602423,-0.0087116631368206,7.55607779982492
420,-0.00344788189424714,0.0255431937366662,4.67579742195719e-05,7.56698690644611
420,0.00608501186771609,-0.00383000761610324,0.0081317901684499,7.55640502728375
420,0.0106916422173623,0.00807420738069978,0.00583049783224984,7.56751241689641
420,-0.00682660603667215,0.00556313561918551,-0.0041545053861278,7.55993669990351
420,-0.0305950633479638,0.00492394966341219,-0.0143884710733818,7.55889587924517
420,0.0155539466365108,0.013974622728096,0.003398876549402,7.56978625290842
420,0.0343003891162669,0.0222727738565786,0.00840303067018825,7.5725296203121
420,0.0107131064629088,0.0138366983225775,0.00190250983102041,7.56969932789754
420,-0.0294836921606169,0.00886292978757871,-0.00712409031056943,7.55826149891694
420,0.0419798712233073,7.17357592283641e-06,0.0163133157886412,7.56364763894284
420,-0.0123296786622388,0.0155370041247341,-0.00540742504481723,7.56747783877764
420,-0.0137746224474807,-0.0280707121266611,0.00295812463063928,7.55108992711055
420,-0.00918532834454332,-0.0134883703601646,-0.00416143672355891,7.55728655873168
420,0.00877822614087946,0.000814905685875319,0.00254799488731019,7.55749385063102
420,0.00918638511159318,0.00207283991978307,0.00239513447358677,7.5563355946909
420,-0.00351058371640965,0.00280202759897865,0.000707358778169392,7.56183649320143
420,0.0123903472445918,0.0167984403731179,0.000976647048455149,7.56960521694281
420,-0.0104461337837582,0.0209045425770223,-0.00109514303426935,7.56486963606425
420,0.0334498839283196,0.0118291750250152,0.00512191998538724,7.56700270655407
420,-0.000998944177404648,-0.0269154136347216,0.00276063258647123,7.55119798946129
420,-0.0232224867315984,-0.0525493096668607,0.00092654035449553,7.53619922421385
420,-0.00383042930599037,-0.00968121819267323,0.00278458611635321,7.55850275248043
420,0.00209369318786223,0.0204805336371522,-0.00793933146603088,7.5718092134995
420,-0.00886476365474254,0.0117310019126145,-0.00115524916312786,7.56483321830838
420,-0.00342538438143214,0.00134710085854218,-0.00678156869238727,7.56483799455485
420,-0.01119816420944,-0.00589111293286942,-0.00547318452676873,7.55874593817082
420,-0.0155351230306811,-0.00968313583938465,-0.00788910401856137,7.55281583305915
420,0.0130441669265071,-0.00158216983440183,0.00683391932549848,7.55842519870641
420,0.00930167664901017,0.0133601107540027,-0.000497278887804476,7.5636690064905
420,0.0445511057116348,-0.0293030183344169,0.0261662195772091,7.55062254850989
420,0.0206439208287502,0.000705411127080978,0.00993462080675339,7.56388743472017
420,-0.0404919247439061,-0.00962780686721698,-0.0193975175523559,7.5518595095046
420,0.0390342361072078,-0.0176040715019921,0.0192855137619681,7.55809371708869
420,0.0206803798379967,-0.00289638704498345,0.0111281898159257,7.55920557972952
420,-0.0225561419074379,-0.00948173234815116,-0.00973408231711717,7.55554242766568
420,-0.0170419013547849,0.0100787698673201,-0.0098979280772821,7.5548475798059
420,0.0220131048461359,-0.0360367410489942,0.0114586100601393,7.54500265364678
420,0.029519762990389,-0.0175514358091326,0.0175134397364744,7.55056026522946
420,-0.0114959276407912,0.0101311417008455,-0.00695866563694451,7.56742723061785
420,0.00688170573874089,-0.00397182968603262,0.00354271205263388,7.56257142106128
420,-0.00659804713379058,0.0410832774414388,-0.00930987071569709,7.57734686211615
420,0.0103982486056655,-0.000182358025701159,0.00982388265397524,7.55906412738105
420,-0.00778852984287772,0.00433179124405566,-0.00210864963447014,7.56090524992361
420,-0.000846786315904376,-0.0114210990081947,0.000431877098270913,7.55665538228715
420,-0.0120055351091978,0.00787622638931226,-0.00610011341866555,7.56028169669502
420,0.0155845107088564,-0.0256424112868245,0.0063541198357497,7.55483354884205
420,0.00738937786446506,-0.0174922134352655,0.00231872948435673,7.54972199565803
420,0.00284447274421522,0.0209572338056776,-0.0051698510644078,7.56858304296964
420,-0.00571943379102365,0.0319633104229276,-0.00556347592354501,7.57511144274332
420,-0.0175799111242888,-0.0412552831026799,-0.00174245481067093,7.54339243161268
420,0.0144439678070038,0.0270297482761761,0.00229695815623543,7.57563575254655
420,0.0191260785320636,-0.0136586205815853,0.0110210770676223,7.55612915675447
420,-0.0100266090707057,-0.00417458536101288,-0.00462848530959037,7.56216027635742
420,-0.0198201845626462,0.00233501407252395,-0.0109404724601761,7.5549276130956
420,0.0109064771385426,-0.0194337283482913,0.0103054145626221,7.55763178278417
420,0.00150124951561932,0.00389136127550031,-0.00371079184492833,7.56264108137896
420,0.0218209950314978,0.022676962698501,0.00832409563128925,7.57073335215444
420,-0.00978910077726742,-0.0159170475013034,0.00330858354090174,7.55065430738441
420,0.011823207491948,-0.0130346033360893,0.00998565628520569,7.55498548767095
420,0.015286317904023,-0.0154051425755031,0.0112878364009684,7.55331387924769
420,-0.00881554288531741,-0.0146245176603268,-0.00348879783571018,7.55187883299945
420,0.00410222502348142,0.00387519605315343,0.000132672437770926,7.55894094928825
420,0.0469357453185289,0.00755517352169752,0.0168693143541203,7.56715642134362
420,-0.0134924231372036,0.00231618103609371,-0.00696404596772823,7.56163969471668
420,0.0520011680729763,-0.00410500597552199,0.022067953220428,7.56520743713199
420,0.00805145181338399,-0.0312313452316005,0.0147935663409453,7.55433677404056
420,0.0116990802608677,0.0111016204954003,0.00115123353125409,7.56264375419569
420,0.0164847620828389,0.0168837663570638,0.00425604986184745,7.57243925566036
420,0.018947059371726,-0.0150808925158597,0.012604352301324,7.55790263805064
420,0.017491128771886,0.0117635150123066,0.0068349025674756,7.57021194779697
420,0.036991264852155,0.0353299717723106,0.0136520626968975,7.58036173948627
420,0.0147796140556328,0.0496970786891038,0.000336864607337506,7.58230017747494
420,0.0114463242734887,0.0134944165015749,0.00310943696822214,7.56256656015182
420,-0.0479827274519875,-0.00225601289411927,-0.0185664397931742,7.55138995608538
420,0.00271534981037627,-0.00394522906160466,0.00728596767010338,7.55824307945155
420,0.00444979432677512,-0.02282259402986,0.00499015649735632,7.55249820851509
420,0.0128471371958991,-0.00722338396013191,0.00159692019234887,7.56025763705112
420,0.0148581286513981,-0.00338596521256604,0.00767353473689967,7.55495394234108
420,0.00900087812409055,-0.00409323385803903,-0.0036964065421584,7.56235665649928
420,-0.0175982868472679,0.019882802269579,-0.00715931075343892,7.56747151511968
420,-0.00656757662856465,0.00827016594895859,-0.00187733992229818,7.56679799311354
420,0.00909497689497155,-0.0278097249104604,0.00612815593831914,7.55124914739531
420,-0.00300839997014024,-0.0149896955299588,0.0010378654658144,7.55119084316889
420,-0.0112633968723357,0.0119530800581415,-0.00775625900485223,7.56420590216195
420,-0.0259289835638585,0.0248576162044602,-0.0119448560077638,7.56573650039312
420,-0.0150462751344356,-0.0286310870357501,-0.00412511172465519,7.5506801687478
420,0.0457990878767181,0.0103833642839301,0.0255516650234647,7.57168334346852
420,-0.000689777462683016,0.0262755219804085,-0.00593681863765566,7.5706498121396
420,0.0206360710665231,-0.0163084692024878,0.0133750497055955,7.55538283600081
420,0.0112234785623322,0.0287697520909045,0.00145510986967421,7.57231564716231
420,0.0251183471264946,0.00105837990666532,0.00905203104432096,7.55800546000623
420,0.0105492328042998,0.00110140380290351,0.00402202639132526,7.56384795282762
420,-0.0221439134516776,0.00145088490016819,-0.0122016932488032,7.5589017211509
420,0.0042109204241725,-0.0115802687858282,0.00270586150585997,7.55673851690479
420,0.00935004587777494,-0.0385123697901993,0.00727277242179648,7.53993335229297
420,-0.00479438963256866,0.00917362055499903,-0.00251110372814234,7.56316899751752
420,0.00535149846101771,0.015292372113211,0.00718565173382933,7.56720629933009
420,-0.0059836761337738,0.0102020844798762,-0.00813520605653415,7.56268725850886
420,0.0110655998993391,0.0223322294598316,-0.00427953978342924,7.56540111788798
420,-0.00149957662810182,-0.0107348442823378,0.00306969126884699,7.55231934016782
420,-0.0117046422788334,-0.00189107074162895,-0.00533366309683234,7.55699626783078
420,0.0137027447082812,-0.00933331739222404,0.00531621555365648,7.56341204780906
420,0.00167222037214844,0.000918647516282737,-7.21574974741788e-05,7.5637100681856
420,-0.0288557218840624,-0.000706790866517443,-0.0114135907200254,7.55559416519247
420,-0.0193363362387856,-0.0100961127474517,-0.0057987660509156,7.55454827748125
420,-0.0119596972532075,-0.000747890756120746,-0.00981113819297479,7.5576194725864
420,-0.00270338306799872,-0.0236735869840277,-0.00401207193279912,7.54825746685183
420,-0.0245855869669444,-0.0090742390055552,-0.00690834099092361,7.55472043301963
420,-0.00742696161856152,-0.00829189822964284,-0.00647596715465287,7.55748376423449
420,0.0126947149860468,-0.0227972888423534,0.00632761691436172,7.55274562018647
420,0.00803010896929923,-0.0174470046274923,0.00755026146741324,7.55410880205249
420,-0.00177794066332424,0.0190706995892197,-0.000592889177120673,7.57021052779807
420,0.00463384487983425,0.0138699463113206,0.000146463555079376,7.56876389534381
420,-0.020777005169501,0.00856355174756051,-0.00893341129280064,7.5579254581736
420,0.00157861345171347,-0.0292751822930544,0.00816104116626631,7.54490042156216
420,0.0253286594313717,0.00023291307522475,0.0129660290038749,7.56157739722532
420,-0.0293951383945729,-0.059899582536158,0.000697293012373302,7.53419568531368
420,0.0281593671078063,0.0209927959754655,0.00981094442713073,7.57454254154295
420,-0.0141801230682283,-0.0147220468323985,-0.00656237137063228,7.55225585480575
420,-0.0393460463454479,0.0100074145366471,-0.0171795074074793,7.55640326050563
420,-0.0109979434104492,-0.0067624430520989,-0.00148168181673624,7.55693706469507
420,-0.0107360314835984,0.0283284057317806,-0.00569492074529664,7.56925912945346
420,-0.0167750956170638,-0.00471637316866889,-0.00411555791640847,7.55181984182905
420,-0.0031337984869914,-0.0282652068753759,0.00387571225179394,7.5483744331441
420,0.00586257487933972,-0.0106702372638128,0.00387718879041244,7.55390051039359
420,-0.00518205784479253,0.0429322634667314,-0.00717768775136529,7.57717864108894
420,0.0186691560073742,0.0351291257908558,0.00376519151563232,7.57478630541464
420,-0.0169165975718592,-0.033781056582321,-0.00799771661208699,7.54479680292298
420,-0.00606395197069495,0.0121493919014543,-0.00287213962968315,7.56139958019649
420,0.00625722324212689,0.0241599284370496,-0.00305932531394349,7.57552091933046
420,-0.0109098764859814,0.0191505133874889,-0.0129283696559226,7.56309850194263
420,-0.015248401483742,-0.00393413933522051,-0.00733161813423297,7.55235464197337
420,0.00603664086621666,0.0131678259648754,0.00287775864785229,7.56953056633764
420,-0.0202147653539388,0.032910915152197,-0.013355525098657,7.56962023727027
420,-0.0310465028622506,-0.012513586680659,-0.00883023241453811,7.54931626392128
420,0.0304155013544664,-0.0124420193602883,0.0148831854017216,7.55529670747007
420,-0.0102668914801546,-0.00285110546002927,-0.00488317034584584,7.55620274466592
420,-0.0112147113722762,-0.0128022170173527,0.00414559069623447,7.55333045111207
420,0.0153726893476842,-0.0149119163614825,0.0064643265352283,7.56025553502765
420,-0.0101052348296744,-0.0273609784777528,0.000560267658485177,7.54393421815666
420,-0.0301224577715995,-0.00609683336563947,-0.00926676191967198,7.55814479390151
420,0.0139975992306378,0.0101232322701629,0.00126049119199332,7.56691706909828
420,-0.0138268260329614,-0.00170713982399675,-0.00773752851670254,7.55726257985646
420,0.0223644132832825,-0.0265748494974498,0.0163404596725882,7.55283373003594
420,-0.0239920582831733,0.0054097822192404,-0.0109406632736096,7.55429933757226
420,-0.00230454442314725,-0.00172298740736794,-0.00312273040368244,7.55834142863349
420,-0.00615050917974399,-0.00750150575786464,-0.00202292044480489,7.55291802959322
420,-0.0012990862472811,-0.0069572153769429,-0.00015105750286151,7.55997569007715
420,0.0434946837294054,0.00404381220461203,0.0185745318462838,7.56528726026583
420,-0.00382631163487622,-0.0129614952143688,0.00102282284100465,7.55431353146554
420,0.00349337785709318,0.00782397776383683,0.00103438584047914,7.5617525964425
420,0.0138034907843271,0.00435746434891256,0.00753128000774299,7.55914123390653
420,-0.000902524746907205,-0.0265320320852615,0.00877296512212554,7.55154138553115
420,-0.00745342219784634,0.00406413856184361,-0.0078942948272186,7.55786828793207
420,-0.00106769295307144,0.0343469824457476,-0.009593285270359,7.5707592067904
420,-0.027481641220285,0.010607585184699,-0.00883670205646209,7.56124077791216
420,0.0232147947078807,-0.0259110686541638,0.0138486292973871,7.54912297892074
420,0.0382374517752974,-0.00230101287443999,0.0123940334566379,7.56538261405867
420,-0.0146512675456625,-0.00380558671187795,-0.0017894479495559,7.55727762479338
420,-0.00788851616747283,-0.0430704543644504,0.00553743705763316,7.5362905846639
420,-0.013236273843719,0.00614956124675397,-0.00424080468602055,7.56392452470351
420,0.0115709235221542,-0.0056305896755183,0.00094903835725154,7.55795789973745
420,-0.0272623394080064,0.0275910537861931,-0.017820573948418,7.57027156579064
420,0.0189544641748229,0.00234384149932749,0.00642969695856355,7.56180202432974
420,0.0182737409457533,-0.00633798966612766,0.012920511740807,7.56039676529779
420,-0.000431614390101423,-0.0195015366892803,-0.000205279536803836,7.54710080790545
420,0.0116955898501216,0.0232200317229466,0.00250886459233585,7.56613093573331
420,-0.0236899566074921,-0.00456727385394645,-0.00506963083429684,7.55104837274774
420,0.00439945628362908,0.00921078033075102,-0.000254002611420785,7.56690045309371
420,0.0531904234551933,0.0492610628250127,0.00997478811264061,7.58588279928348
420,0.0122591557433009,-0.0144893103229646,0.00852282241854871,7.5516198752787
420,-0.0165533054319243,0.0326375381494843,-0.0155512384760444,7.57316694169786
420,-0.0154707356500563,-0.00198131361211439,-0.00043581868425821,7.55556514492508
420,-0.0210901312523345,0.0129191307729263,-0.00892440203616082,7.56079395365097
420,-0.0399936771077218,0.0103634573411872,-0.0215856516040756,7.56045899099169
420,0.0421907245947418,-0.0156979152718277,0.0237605639449579,7.55365465141982
420,0.0269531276419315,-0.0171825119842029,0.0117505314023863,7.55172589767382
420,0.00171448234436481,0.0049849438382057,0.000150000994843397,7.55861860723406
420,-0.00768921922961223,0.0232029483738878,-0.00451748132739663,7.57523588443926
420,0.00543833187629923,-0.00604161690235518,0.00542575220595633,7.55785061599226
420,0.0449207417568782,-0.00275497562024592,0.0197685259206647,7.56032769833513
420,0.00807430276142085,-0.00293418365588116,0.00669793282285972,7.55327933426019
420,-0.0201077885013245,0.013469529385319,-0.00977996385752079,7.56010890085171
420,-0.00422994318281855,0.00904103773247054,-0.00536716843006503,7.56198367157703
420,-0.00424997927124163,0.0193507216085352,-0.00299327384045127,7.56796068355695
420,0.00700722496242073,-0.0364525366881633,0.0101297591263275,7.54760384921855
420,0.0139856098280783,-0.0414338847562639,0.0189373361600287,7.53957531277791
420,0.0284437802096017,0.0160426559175787,0.0120463762029526,7.56906412896848
420,0.0209085788740539,-0.014026028551495,0.0123107238435798,7.55297508390816
420,0.0139826757816106,0.0152277080323512,-0.00250143622403296,7.56242795547897
420,-0.000151033191178989,-0.0435226947996081,0.00794577137290371,7.54053583103182
420,-0.0152129245174146,-0.0141341253040547,-0.00582866473629292,7.54950523196304
420,-0.0499155035922832,0.027806870716082,-0.0201013609908557,7.57375329109188
