bandwidth_hz,kp_scale,ki_scale,kp,ki,gain_1khz,phase_lag_deg,lag_us,rmse_a,max_abs_error_a,iq_peak_pos_a,iq_peak_neg_a,iq_pp_a,vq_abs_max_v,voltage_norm_max,score
800,0.75,0.7,0.207345115136926,10203.8929388596,0.573843948095475,69.0430939706858,191.786372140794,0.294534031095261,0.546876091294276,0.233105461678079,-0.246876091294276,0.479981552972355,0.76468210319696,0.122710395917094,0.440714277241742
800,0.75,0.85,0.207345115136926,12390.4414257581,0.68459201445901,63.2233732504997,175.620481251388,0.288027944106783,0.574889900545636,0.265519420986825,-0.274889900545636,0.540409321532461,0.81887917659,0.131407532028693,0.414403802536631
800,0.75,1,0.207345115136926,14576.9899126566,0.78047261890238,57.3866159912558,159.407266642377,0.279416184936083,0.591919504764215,0.287272983140569,-0.291919504764215,0.579192487904783,0.851886798245014,0.1367043453118,0.387448847032729
800,0.75,1.15,0.207345115136926,16763.5383995551,0.859967898088295,51.8211116770793,143.947532436331,0.2698552852564,0.599778480590009,0.298997508318725,-0.299778480590009,0.598775988908734,0.86947094785255,0.139526116543512,0.36159016296319
800,0.75,1.3,0.207345115136926,18950.0868864536,0.923571398045276,46.6809454861859,129.669293017183,0.260457559009049,0.604768589273289,0.306666884485403,-0.306684995894176,0.613351880379579,0.889475428113409,0.142736284118591,0.338121837433801
800,0.9,0.7,0.248814138164312,10203.8929388596,0.565377673556899,67.7768795144082,188.269109762245,0.290561335391939,0.545477279251827,0.231724694560337,-0.245477279251827,0.477201973812164,0.761906078937092,0.122264920556052,0.435688887307862
800,0.9,0.85,0.248814138164312,12390.4414257581,0.674748698440168,62.3120143157219,173.088928654783,0.28430454283924,0.573330888762931,0.263748112759187,-0.273330888762931,0.537079001522118,0.8159835717519,0.130942867281581,0.410297694468806
800,0.9,1,0.248814138164312,14576.9899126566,0.769971849720364,56.7342376921153,157.59510470032,0.27600304718517,0.590638095118121,0.285603586678845,-0.290638095118121,0.576241681796966,0.849412962695849,0.136307362907736,0.384107218751307
800,0.9,1.15,0.248814138164312,16763.5383995551,0.849427530784496,51.359333335641,142.664814821225,0.266745722213373,0.599036312132299,0.297806311364069,-0.299036312132299,0.596842623496369,0.867383905744761,0.139191203823217,0.358841969138385
800,0.9,1.3,0.248814138164312,18950.0868864536,0.913442423737241,46.3585912592182,128.773864608939,0.257589504471674,0.603592848135011,0.304485421790875,-0.304494885093884,0.608980306884758,0.88330020081859,0.141745330383624,0.335783148986777
800,1,0.7,0.276460153515902,10203.8929388596,0.560067029680027,66.9290632495008,185.914064581947,0.287969372423846,0.544586389096124,0.23085250412964,-0.244586389096124,0.475438893225764,0.760122386564416,0.121978687105144,0.432356264330094
800,1,0.85,0.276460153515902,12390.4414257581,0.668487866601858,61.6989878783642,171.386077439901,0.281870055482298,0.572322545597378,0.262612084937623,-0.272322545597378,0.534934630535001,0.814106852008024,0.130641705502283,0.407569750639658
800,1,1,0.276460153515902,14576.9899126566,0.763232872629834,56.2931135733099,156.369759925861,0.273765752394104,0.58979284176677,0.284516936278633,-0.28979284176677,0.574309778045403,0.847791872372477,0.136047222602939,0.381882135491085
800,1,1.15,0.276460153515902,16763.5383995551,0.842617479427946,51.0451884998842,141.792190277456,0.264702712040548,0.598525385687591,0.297011393178303,-0.298525385687591,0.595536778865893,0.86594348524959,0.138960056044931,0.35700874684758
800,1,1.3,0.276460153515902,18950.0868864536,0.906862435097444,46.1377429980577,128.160397216827,0.25570252454455,0.602806032371025,0.303074138146397,-0.303078940491051,0.606153078637449,0.879303274475815,0.141103933897525,0.334222895531892
800,1.1,0.7,0.304106168867492,10203.8929388596,0.555014753142042,66.079059533342,183.552943148172,0.285421362125837,0.543727474315001,0.23001714759937,-0.243727474315001,0.473744621914371,0.758390251437622,0.12170072717081,0.429038476111646
800,1.1,0.85,0.304106168867492,12390.4414257581,0.662461388899874,61.0820737738394,169.672427149554,0.279472944797099,0.571338477952196,0.261510633519629,-0.271338477952196,0.532849111471825,0.812271738305687,0.130347220345607,0.404849916567871
800,1.1,1,0.304106168867492,14576.9899126566,0.756698225301969,55.8473568246694,155.131546735193,0.271558515298343,0.588955465259759,0.283451103055622,-0.288955465259759,0.572406568315381,0.846193109774199,0.135790665282463,0.37965972800515
800,1.1,1.15,0.304106168867492,16763.5383995551,0.835977772607402,50.7262482481415,140.906245133726,0.262683576748988,0.598003336145052,0.29621691620507,-0.298003336145052,0.594220252350122,0.864749502668062,0.138768454757697,0.35517517186046
800,1.1,1.3,0.304106168867492,18950.0868864536,0.900418850670711,45.9123088683752,127.534191301042,0.253835592480587,0.602017377202853,0.302019100421043,-0.302021209476565,0.604040309897608,0.875908287483392,0.140559132082193,0.332662170716079
800,1.25,0.7,0.345575191894877,10203.8929388596,0.54790521190645,64.8013514822093,180.003754117248,0.281679518351931,0.542496661427534,0.228829964423455,-0.242496661427534,0.471326625850989,0.755885116728888,0.121298722114527,0.4240910243846
800,1.25,0.85,0.345575191894877,12390.4414257581,0.653848689944178,60.1502999763267,167.084166600908,0.275945818830924,0.569906914312654,0.259920971243509,-0.269906914312654,0.529827885556163,0.809594709496682,0.129917631025207,0.400786399800996
800,1.25,1,0.345575191894877,14576.9899126566,0.747270312218098,55.1706539105062,153.251816418073,0.268303180254885,0.587715256863924,0.281890980193276,-0.287715256863924,0.5696062370572,0.843836514765199,0.135412496752872,0.376332129898834
800,1.25,1.15,0.345575191894877,16763.5383995551,0.826331713180519,50.239292298299,139.553589717497,0.259699323649225,0.597202489027422,0.295027884366341,-0.297202489027422,0.592230373393763,0.863048472608846,0.138495486329168,0.352425090778621
800,1.25,1.3,0.345575191894877,18950.0868864536,0.891005920026456,45.5658789117913,126.571885866087,0.251072736320118,0.600855072246248,0.300854729720164,-0.300855072246248,0.601709801966412,0.872580221114312,0.140025069181962,0.330320962685159
1000,0.75,0.7,0.259181393921158,12754.8661735746,0.689256303700495,61.162185016561,169.894958379336,0.282129197389766,0.576545647567193,0.267670341055716,-0.276545647567193,0.544215988622909,0.822152971490992,0.131932885854514,0.404946844544558
1000,0.75,0.85,0.259181393921158,15488.0517821977,0.802436185791177,54.3143557389293,150.873210385915,0.271387562840184,0.594811455576909,0.291403472549142,-0.294811455576909,0.586214928126052,0.857867667094741,0.137664109874629,0.37261547786946
1000,0.75,1,0.259181393921158,18221.2373908208,0.891215729726852,47.8849310103358,133.013697250933,0.259844429808994,0.601346451164621,0.301347350368643,-0.301347371612958,0.6026947219816,0.874094041015713,0.140267995541388,0.342550253351812
1000,0.75,1.15,0.259181393921158,20954.4229994439,0.957569201585425,42.1114363202988,116.97621200083,0.249356788360194,0.60480107110172,0.316307497241249,-0.316400529427255,0.632708026668504,0.919827569372092,0.147606966007461,0.3167670226821
1000,0.75,1.3,0.259181393921158,23687.608608067,1.0054410350564,37.0543323310781,102.928700919661,0.241249294600399,0.599986366161515,0.342445760092582,-0.342669667238362,0.685115427330943,0.99937895822853,0.160372770753664,0.297374896602656
1000,0.9,0.7,0.311017672705389,12754.8661735746,0.677658034312466,60.0673414505814,166.853726251615,0.277678226625493,0.574707474921361,0.265567208480997,-0.27470747492136,0.540274683402358,0.818733734813611,0.13138419263329,0.400013435370119
1000,0.9,0.85,0.311017672705389,15488.0517821977,0.789952596537535,53.5880692366344,148.85574787954,0.267390867813718,0.59346234448554,0.28956921433365,-0.29346234448554,0.58303155881919,0.855189253418909,0.137234298321283,0.368777712014916
1000,0.9,1,0.311017672705389,18221.2373908208,0.878909725950558,47.4113796788573,131.698276885715,0.256251982727978,0.600368685538318,0.300286662505397,-0.300368685538318,0.600655348043716,0.871081027842675,0.139784489993369,0.339478079651209
1000,0.9,1.15,0.311017672705389,20954.4229994439,0.946106901928445,41.8091228265963,116.136452296101,0.24601508458562,0.604170588141078,0.311780670811309,-0.31181362489525,0.62359429570656,0.904399679000761,0.145131214936896,0.31411807863267
1000,0.9,1.3,0.311017672705389,23687.608608067,0.995132824168316,36.8663989558311,102.406663766198,0.23795017062114,0.600667251690473,0.335027200039113,-0.335216771904921,0.670243971944035,0.977499136005654,0.156861662495291,0.293736486638055
1000,1,0.7,0.345575191894877,12754.8661735746,0.67036359180887,59.3302810755264,164.806336320907,0.274780204162707,0.573524364268758,0.264227618754777,-0.273524364268758,0.537751983023535,0.816528398512918,0.131030296956306,0.39673926659511
1000,1,0.85,0.345575191894877,15488.0517821977,0.781994978427665,53.0950870833271,147.486353009242,0.26477908831284,0.592564623651836,0.288371890307643,-0.292564623651836,0.580936513959478,0.853428303594505,0.13695171442238,0.366222221095064
1000,1,1,0.345575191894877,18221.2373908208,0.870989957719462,47.0868586606287,130.796829612858,0.253897966597224,0.599987746512754,0.299599442530259,-0.299987746512754,0.599587189043013,0.87002080262209,0.139614353074987,0.337429258816221
1000,1,1.15,0.345575191894877,20954.4229994439,0.93867519158452,41.5995825305491,115.554395918192,0.243824511166464,0.603707123028411,0.309425414199366,-0.309450482680667,0.618875896880033,0.897712326175303,0.144058079173134,0.312356365803836
1000,1,1.3,0.345575191894877,23687.608608067,0.988410071323111,36.7342777357014,102.039660376948,0.235793158651165,0.601018225962871,0.330299634065147,-0.330464875755396,0.660764509820543,0.963563066921275,0.154625307613017,0.292053568122406
1000,1.1,0.7,0.380132711084365,12754.8661735746,0.663407208512824,58.5883489876138,162.745413854483,0.271936173163311,0.572374419085699,0.262935975084583,-0.272374419085699,0.535310394170282,0.814380322807971,0.130685590026313,0.393477975793449
1000,1.1,0.85,0.380132711084365,15488.0517821977,0.774321232130564,52.5956302936789,146.098973037997,0.262208828558129,0.5916701155007,0.287195462506486,-0.2916701155007,0.578865578007186,0.851687803546146,0.136672412148749,0.363670150785591
1000,1.1,1,0.380132711084365,18221.2373908208,0.863293268929293,46.7556536081647,129.876815578235,0.251576558219364,0.599578659620213,0.298895688406943,-0.299578659620213,0.598474348027155,0.868877262611068,0.13943084642966,0.335380711738681
1000,1.1,1.15,0.380132711084365,20954.4229994439,0.93140957829455,41.3838852714684,114.95523686519,0.241663650379241,0.603212109116555,0.307164176876,-0.307181939796219,0.614346116672218,0.891290069342402,0.143027484007703,0.310598520456988
1000,1.1,1.3,0.380132711084365,23687.608608067,0.981806524046774,36.5968395235667,101.657887565463,0.23366973192063,0.60129270108814,0.326707142223907,-0.326724601529094,0.653431743753001,0.950141329383772,0.152471488764326,0.290384338801302
1000,1.25,0.7,0.431968989868597,12754.8661735746,0.653584302029369,57.4679089093039,159.633080303622,0.267768751976677,0.570710322564781,0.261084765231114,-0.270710322564781,0.531795087795895,0.811261950237935,0.130185177199746,0.388612185137696
1000,1.25,0.85,0.431968989868597,15488.0517821977,0.763328155635763,51.8353420610853,143.987061280792,0.258430089162061,0.590337427141488,0.285470733911467,-0.290337427141488,0.575808161052954,0.849116608522951,0.136259806233223,0.359850286690113
1000,1.25,1,0.431968989868597,18221.2373908208,0.852158330678427,46.2470080732551,128.463911314597,0.248155212035793,0.598919056348917,0.297814643459167,-0.298919056348917,0.596733699808084,0.867025646206576,0.139133713044254,0.332309891077833
1000,1.25,1.15,0.431968989868597,20954.4229994439,0.920819066215881,41.0492497414678,114.0256937263,0.238477815363984,0.602415970461865,0.303936189770262,-0.303944645196827,0.607880834967089,0.882119775623741,0.141555904683186,0.307969783354598
1000,1.25,1.3,0.431968989868597,23687.608608067,0.972123920581524,36.380996950668,101.058324862967,0.230546782325787,0.601571711004032,0.321727982933627,-0.321759192014244,0.64348717494787,0.933450210083127,0.149793024276771,0.287905885693636
1200,0.75,0.7,0.31101767270539,15305.8394082895,0.783191370649434,54.0150767608887,150.041879891358,0.268124710975695,0.592631206846777,0.288416402961087,-0.292631206846777,0.581047609807864,0.853508006256814,0.136964504502345,0.370828189052085
1200,0.75,0.85,0.31101767270539,18585.6621386372,0.889060471360756,46.6279104034549,129.52197334293,0.25480180282273,0.600908985287095,0.300908697251544,-0.300908985287095,0.601817682538638,0.872650111121029,0.140036284601231,0.335837621291837
1200,0.75,1,0.31101767270539,21865.484868985,0.964266949652216,40.0876194940669,111.35449859463,0.243037814286506,0.603718829616383,0.319658836259571,-0.319739619245858,0.639398455505429,0.928804804777879,0.149047564795218,0.306742548562385
1200,0.75,1.15,0.31101767270539,25145.3075993327,1.01524983504683,34.4967029459351,95.8241748498198,0.234823264016864,0.596791043436897,0.353876927897519,-0.353762486679254,0.707639414576773,1.03060201060265,0.165383209866271,0.288093301940451
1200,0.75,1.3,0.31101767270539,28425.1303296805,1.0486949441715,29.7870392948716,82.7417758190879,0.231232466772019,0.597139094931099,0.389876538899452,-0.389157147200362,0.779033686099814,1.13160787584078,0.181591866589765,0.280782520131477
1200,0.9,0.7,0.373221207246467,15305.8394082895,0.769110892434638,53.0985414594732,147.495948498537,0.26341958679457,0.5909664607804,0.286235597543073,-0.2909664607804,0.577202058323473,0.850277121248096,0.136446036531243,0.366156309740316
1200,0.9,0.85,0.373221207246467,18585.6621386372,0.875040222905127,46.0714180214899,127.976161170805,0.250638447271587,0.600076889957464,0.299805365512752,-0.300076889957464,0.599882255470217,0.870262359451714,0.139653116286622,0.332241552013309
1200,0.9,1,0.373221207246467,21865.484868985,0.951395582215387,39.7589719139086,110.441588649746,0.239164578647702,0.603324872127147,0.31333918432341,-0.31339235395447,0.62673153827788,0.910565180728761,0.146120607986514,0.303663478297026
1200,0.9,1.15,0.373221207246467,25145.3075993327,1.00395849160619,34.3096673113197,95.3046314203325,0.230894215956244,0.598088753078211,0.344705240799172,-0.344684982352441,0.689390223151613,1.00373202245636,0.16107131755189,0.282754566083842
1200,0.9,1.3,0.373221207246467,28425.1303296805,1.03901329857677,29.6872858143449,82.4646828176246,0.226860254927568,0.597645132490218,0.378941366202524,-0.378444204285151,0.757385570487675,1.09971032010304,0.17647318828279,0.275292513506763
1200,1,0.7,0.414690230273853,15305.8394082895,0.760234450712315,52.4764878918917,145.768021921921,0.260358312819407,0.589867772654942,0.28482366486054,-0.289867772654942,0.574691437515483,0.848165615049248,0.136107197998788,0.363049599586013
1200,1,0.85,0.414690230273853,18585.6621386372,0.866076847156459,45.6887867191311,126.913296442031,0.24792004775948,0.599637498916489,0.299034014304839,-0.299637498916489,0.598671513221328,0.869036354212044,0.139456376245594,0.329845543122531
1200,1,1,0.414690230273853,21865.484868985,0.943082033298662,39.5294537311206,109.804038142002,0.236636677304312,0.602982760712161,0.309461728958677,-0.309480495255473,0.61894222421415,0.899220788682714,0.144300145818524,0.301622654571127
1200,1,1.15,0.414690230273853,25145.3075993327,0.996609079165426,34.1763788004168,94.9343855567133,0.228343559940423,0.59882543595461,0.338935706818175,-0.338954056111472,0.677889762929647,0.986849660026628,0.15836216381453,0.279947220224505
1200,1,1.3,0.414690230273853,28425.1303296805,1.0326753245575,29.6139742884992,82.2610396902755,0.22404792012423,0.597933566924796,0.372096816653288,-0.371712013504315,0.743808830157604,1.07978031431785,0.173274971807858,0.271736414012729
1200,1.1,0.7,0.456159253301238,15305.8394082895,0.751752535237847,51.8465862769577,144.018295213771,0.257356236444438,0.588780363020649,0.283445589835168,-0.288780363020649,0.572225952855817,0.846088758174391,0.135773919727581,0.35995086233609
1200,1.1,0.85,0.456159253301238,18585.6621386372,0.857413330859923,45.2974510606049,125.826252946125,0.24524705458899,0.599161580588267,0.298239490231159,-0.299161580588267,0.597401070819425,0.867702481371828,0.139242326428498,0.327451898093905
1200,1.1,1,0.456159253301238,21865.484868985,0.934980045976453,39.2919612929798,109.144336924944,0.234151796210359,0.602583563593936,0.307089781520261,-0.307103269430582,0.614193050950843,0.89080123053443,0.142949038855901,0.299591733552183
1200,1.1,1.15,0.456159253301238,25145.3075993327,0.989402138417494,34.0364129435266,94.545591509796,0.225846595357586,0.599433197288474,0.33343395820686,-0.33347617191495,0.66691013012181,0.97077268474994,0.155782252511384,0.277961000931126
1200,1.1,1.3,0.456159253301238,28425.1303296805,1.02643127519377,29.5353148848356,82.0425413467655,0.221314400676457,0.598190565761333,0.365594204384551,-0.365299096136563,0.730893300521114,1.06087261445748,0.170240807249741,0.268260500523087
1200,1.25,0.7,0.518362787842316,15305.8394082895,0.739743783505624,50.8888196215016,141.357832281949,0.252961891876172,0.587174088738931,0.281442244897829,-0.287174088738931,0.56861633363676,0.843039521645184,0.135284601329544,0.355320742957862
1200,1.25,0.85,0.518362787842316,18585.6621386372,0.844967157382894,44.6952525633006,124.153479342502,0.241321934040696,0.598389604452786,0.297013407580284,-0.298389604452786,0.59540301203307,0.865845790451988,0.138944378723279,0.323868097147358
1200,1.25,1,0.518362787842316,21865.484868985,0.923218959053735,38.9214530687302,108.115147413139,0.230504223333922,0.601889479370962,0.303722584114275,-0.303728788212236,0.607451372326511,0.881285887111434,0.141422088566569,0.296564507031643
1200,1.25,1.15,0.518362787842316,25145.3075993327,0.978858396789526,33.8143316716921,93.9286990880335,0.22219922151894,0.600125945732472,0.325666887097136,-0.325724417673104,0.651391304770241,0.948176447896569,0.152156179455769,0.275034879347526
1200,1.25,1.3,0.518362787842316,28425.1303296805,1.01724249169123,29.4074980423848,81.6874945621799,0.21735579102958,0.598527922972525,0.356454059123335,-0.356259909686466,0.712713968809801,1.03434217788661,0.165983403602062,0.263191287262279
1500,0.75,0.7,0.388772090881737,19132.2992603618,0.886320187728095,44.8313115380486,124.531420939024,0.247564079951162,0.600438803202996,0.300438803202996,-0.300438803202996,0.600877606405992,0.871318452412707,0.139822590091262,0.326179028485426
1500,0.75,0.85,0.388772090881737,23232.0776732965,0.972818906768194,37.3149344953571,103.652595820436,0.234306971177751,0.602037134505263,0.32275489231406,-0.32280162475744,0.6455565170715,0.936702022232253,0.150314850476965,0.292997482243967
1500,0.75,1,0.388772090881737,27331.8560862312,1.02640789332562,31.1090118432481,86.4139217868004,0.226676828605856,0.597342650723133,0.366024640802686,-0.365705538166129,0.731730178968814,1.06337577435469,0.170642495403218,0.27598113570329
1500,0.75,1.15,0.388772090881737,31431.6344991659,1.05820397168842,26.0713474923521,72.420409700978,0.226066301857559,0.601782174553409,0.420225059672047,-0.418596897099089,0.838821956771137,1.23250777836103,0.197783519218344,0.270993720264929
1500,0.75,1.3,0.388772090881737,35531.4129121006,1.07629378281919,21.9760435558327,61.0445654328686,0.233063413902666,0.614826468811218,0.485215136214252,-0.483597903210078,0.96881303942433,1.41932622153475,0.227762728919499,0.273656857518334
1500,0.9,0.7,0.466526509058084,19132.2992603618,0.870078062601415,44.1580710158023,122.661308377229,0.242618075905055,0.599704397734776,0.299198741521222,-0.299704397734776,0.598903139255998,0.869216155899134,0.13948522945939,0.321847376168617
1500,0.9,0.85,0.466526509058084,23232.0776732965,0.95822269085393,36.9588244241903,102.663401178306,0.229671236974275,0.602096026653973,0.315542277982748,-0.315577453611691,0.63111973159444,0.916059410751567,0.147002280433848,0.289287204525167
1500,0.9,1,0.466526509058084,27331.8560862312,1.01406593093642,30.9309983035555,85.9194397320987,0.221723848686078,0.598032687484424,0.354345691816276,-0.354162890402253,0.708508582218529,1.02935695392095,0.165183412594028,0.269526939235053
1500,0.9,1.15,0.466526509058084,31431.6344991659,1.04802463032171,25.9931126459616,72.2030906832265,0.220089659645215,0.601174299030584,0.405784333680574,-0.404718692230742,0.810503025911316,1.18898883209027,0.190799928122837,0.263881791646328
1500,0.9,1.3,0.466526509058084,35531.4129121006,1.06794872703526,21.9554258241479,60.9872939559663,0.225219088452008,0.611257062440835,0.466103589526638,-0.465173471753991,0.931277061280628,1.36204193460888,0.218570180147775,0.264947099891756
1500,1,0.7,0.518362787842316,19132.2992603618,0.859794387176771,43.6933004211782,121.370278947717,0.239406318161073,0.599183546624933,0.298317729160767,-0.299183546624933,0.5975012757857,0.867758014033362,0.139251237889685,0.318966830075163
1500,1,0.85,0.518362787842316,23232.0776732965,0.948841378168348,36.7073471713792,101.964853253831,0.226668937222561,0.601981683790858,0.311132495691162,-0.311158285143451,0.622290780834613,0.903440664182575,0.144977319497814,0.286845820162795
1500,1,1,0.518362787842316,27331.8560862312,1.00604972683641,30.8012764163056,85.5591011564044,0.218551602206423,0.598413429162788,0.347152460775557,-0.347030974558566,0.694183435334124,1.00844791160785,0.161828087747585,0.265358489514522
1500,1,1.15,0.518362787842316,31431.6344991659,1.04136480992918,25.9326430454908,72.0351195708078,0.216324737758168,0.60083986080563,0.396549959827448,-0.395755681913627,0.792305641741075,1.16122325598106,0.18634431863102,0.259360183319322
1500,1,1.3,0.518362787842316,35531.4129121006,1.06246210631261,21.9353787679458,60.9316076887383,0.220374567891008,0.609265493981048,0.454040284724679,-0.453406864858259,0.907447149582938,1.32594693908465,0.212777928474975,0.259523846674187
1500,1.1,0.7,0.570199066626547,19132.2992603618,0.849934147430699,43.2168498516527,120.04680514348,0.236262199231829,0.598614198059117,0.29740320471243,-0.298614198059117,0.596017402771547,0.866392392331968,0.13903209325566,0.316094059266238
1500,1.1,0.85,0.570199066626547,23232.0776732965,0.93973664271079,36.4451854158281,101.236626155078,0.22373557528326,0.601760269556794,0.307013765990059,-0.307030379603681,0.61404414559374,0.891658143885615,0.143086549824381,0.284429689135923
1500,1.1,1,0.570199066626547,27331.8560862312,0.998203564955853,30.6629908859339,85.1749746831496,0.215478196855305,0.598741074418497,0.34040906898078,-0.340331543734006,0.680740612714786,0.988878517507527,0.158687739506311,0.261652326688621
1500,1.1,1.15,0.570199066626547,31431.6344991659,1.03480750427264,25.8656308404651,71.8489745568476,0.212723158400084,0.600562087051198,0.387635622649368,-0.387049511108891,0.774685133758258,1.13446781769363,0.182050808410943,0.255002355088045
1500,1.1,1.3,0.570199066626547,35531.4129121006,1.05703790721288,21.9103136211129,60.8619822808693,0.215809844076051,0.607555093316024,0.442493152929432,-0.4420661293953,0.884559282324732,1.2914450093292,0.207241319938572,0.254379105229009
1500,1.25,0.7,0.647953484802895,19132.2992603618,0.835914681057815,42.4822636987981,118.006288052217,0.231671070090859,0.597685907970929,0.295984601037987,-0.297685907970929,0.593670509008915,0.86436938010951,0.13870745556671,0.311802997533274
1500,1.25,0.85,0.647953484802895,23232.0776732965,0.926591597729498,36.0329919644642,100.091644345734,0.21946155018245,0.601254722879622,0.303111661555005,-0.303115071057737,0.606226732612742,0.879290871924875,0.141101943630027,0.280851878356196
1500,1.25,1,0.647953484802895,27331.8560862312,0.98675368160244,30.4400427101533,84.5556741948702,0.211044173108454,0.599147104175315,0.331091084257904,-0.331055791500457,0.662146875758362,0.961891591878206,0.154357081949773,0.25802886901344
1500,1.25,1.15,0.647953484802895,31431.6344991659,1.02516606748948,25.7530764812641,71.5363235590671,0.207604991524359,0.60024539302662,0.374871723919471,-0.37450812602958,0.749379849949052,1.09624305937246,0.17591678852501,0.248751212995203
1500,1.25,1.3,0.647953484802895,35531.4129121006,1.04902054814945,21.8633820382721,60.7316167729782,0.209438560855362,0.605458628022951,0.426098778670032,-0.425864795790349,0.85196357446038,1.24254781138061,0.199394667722674,0.247135688727715
1800,0.75,0.7,0.466526509058084,22958.7591124342,0.95347610732501,37.402723930127,103.896455361464,0.230401213289329,0.602282871066606,0.313580403724956,-0.313615431424376,0.627195835149332,0.910595589762735,0.146125487798115,0.291157688452019
1800,0.75,0.85,0.466526509058084,27878.4932079558,1.01965703980219,30.2133733177273,83.9260369936869,0.221125965170378,0.598091912301057,0.35930190642306,-0.359071328871526,0.718373235294586,1.04318511097139,0.1674024505699,0.268411729127188
1800,0.75,1,0.466526509058084,32798.2273034774,1.05591994200735,24.557107867844,68.214188521789,0.221037061983896,0.603754952337819,0.426240449197624,-0.424964947808948,0.851205397006572,1.24781236187535,0.200239482937824,0.263464717986397
1800,0.75,1.15,0.466526509058084,37717.9613989991,1.07472062969986,20.1030388093183,55.8417744703287,0.230782021825161,0.619184598414932,0.497427116948025,-0.497427186940388,0.994854303888412,1.45222721751804,0.233042431721875,0.268408643009124
1800,0.75,1.3,0.466526509058084,42637.6954945207,1.08351512129932,16.5443466928889,45.956518591358,0.250475093526053,0.651058701123451,0.570022145938828,-0.569948596114771,1.1399707420536,1.65903277633949,0.266229022456431,0.283643125695318
1800,0.9,0.7,0.559831810869701,22958.7591124342,0.936647595075641,36.9227612605998,102.563225723888,0.225041068586905,0.601832777152593,0.306043596098688,-0.306051445940817,0.612095042039505,0.888510444110867,0.142581430789984,0.286760450970241
1800,0.9,0.85,0.559831810869701,27878.4932079558,1.00567973922593,29.9948198575662,83.3189440487949,0.215395241737892,0.598666468810479,0.346354982408117,-0.346239944922467,0.692594927330583,1.00560626113389,0.161372081188441,0.260955445446835
1800,0.9,1,0.559831810869701,32798.2273034774,1.04474100621118,24.4724767345083,67.979102040301,0.213859696150905,0.602437907707218,0.408284052366184,-0.407530702828504,0.815814755194688,1.19394112671039,0.191594634878746,0.255042511873785
1800,0.9,1.15,0.559831810869701,37717.9613989991,1.06584852861904,20.0903225612505,55.8064515590292,0.220863393709883,0.613625968592562,0.473234061939953,-0.473234073743813,0.946468135683765,1.37977711081436,0.22141618698478,0.257583730413663
1800,0.9,1.3,0.559831810869701,42637.6954945207,1.076446652604,16.5751612957618,46.0421147104494,0.236108450194655,0.639499100025484,0.536362099455538,-0.537241344986906,1.07360344444244,1.56300053407184,0.250818495101072,0.268615857398697
1800,1,0.7,0.622035345410779,22958.7591124342,0.925938445240455,36.583891965403,101.621922126119,0.221588544863691,0.601366799473587,0.303250626134043,-0.303254511867021,0.606505138001064,0.879730198986101,0.141172443511474,0.28387053828775
1800,1,0.85,0.622035345410779,27878.4932079558,0.996648273757368,29.8344621590827,82.873505997452,0.211758957888026,0.598977570088005,0.338540266438154,-0.338472235270015,0.677012501708169,0.982981339371532,0.157741404995753,0.256845823750913
1800,1,1,0.622035345410779,32798.2273034774,1.03744558048821,24.4053856978724,67.7927380496455,0.209411532868806,0.601759894932874,0.396986045431071,-0.396461649785363,0.793447695216434,1.16013142556241,0.186169109949678,0.249764169464436
1800,1,1.15,0.622035345410779,37717.9613989991,1.06002168866103,20.0738798578666,55.7607773829629,0.214888322712312,0.61070924420394,0.458148852913683,-0.458148856077418,0.916297708991101,1.33472826892174,0.214187089819908,0.251001311365215
1800,1,1.3,0.622035345410779,42637.6954945207,1.07178569356521,16.5891377080309,46.0809380778636,0.22773623611223,0.632965131317532,0.515944715457792,-0.51740230752224,1.03334702298003,1.5098368203246,0.242287184723763,0.259798512030797
1800,1.1,0.7,0.684238879951857,22958.7591124342,0.915630109244703,36.2309511500114,100.641530972254,0.218229920985556,0.600790869973342,0.30110791815217,-0.301108552895473,0.602216471047643,0.873287683920631,0.140138597458218,0.281013336786103
1800,1.1,0.85,0.684238879951857,27878.4932079558,0.987846841822942,29.6628371800315,82.3967699445318,0.208260532652027,0.59924064884269,0.331333129568666,-0.33129581379094,0.662628943359606,0.962156650323988,0.154399616522881,0.25397010423978
1800,1.1,1,0.684238879951857,32798.2273034774,1.03027795231648,24.3299242226659,67.5831228407386,0.205207033905035,0.601222988448218,0.386222184659095,-0.38586074136299,0.772082926022084,1.12798561268595,0.181010593216181,0.244729715470682
1800,1.1,1.15,0.684238879951857,37717.9613989991,1.05426644601646,20.0511071495183,55.6975198597732,0.209358767326561,0.608325064980381,0.443872390184958,-0.443872390922744,0.887744781107702,1.29218689602316,0.207360372299756,0.244862072652484
1800,1.1,1.3,0.684238879951857,42637.6954945207,1.06716586288231,16.5978679831051,46.1051888419587,0.220172276036109,0.627288919495397,0.496981972520529,-0.498709172692366,0.995691145212895,1.47606561204248,0.23686783683845,0.251785664298998
1800,1.25,0.7,0.777544181763474,22958.7591124342,0.900904413476175,35.6771152580387,99.1030979389965,0.213362681635345,0.600019875313227,0.299973494202001,-0.300019875313227,0.599993369515228,0.870064357071337,0.139621342363332,0.276787913174785
1800,1.25,0.85,0.777544181763474,27878.4932079558,0.975076081113896,29.3851719904588,81.6254777512745,0.203254502653322,0.599556282410598,0.321576488123852,-0.321564736877319,0.643141225001171,0.934032871974244,0.149886525446794,0.249824652527621
1800,1.25,1,0.777544181763474,32798.2273034774,1.01976952824867,24.2014004249679,67.2261122915776,0.199313188957598,0.600642532376927,0.371069290860349,-0.370867014971247,0.741936305831596,1.08284898329945,0.173767408578768,0.237592242419917
1800,1.25,1.15,0.777544181763474,37717.9613989991,1.04577037023092,20.0052146434639,55.5700406762885,0.20179515909087,0.605579648003746,0.423920402845068,-0.423920402902204,0.847840805747272,1.23289275957719,0.197845298089927,0.236380018079158
1800,1.25,1.3,0.777544181763474,42637.6954945207,1.06031387636127,16.6012046369076,46.1144573247432,0.210104266557003,0.620224375530227,0.480027368684062,-0.480027368684061,0.960054737368123,1.42656031009723,0.228923600696005,0.241037461148491
2000,0.75,0.7,0.518362787842316,25509.7323471491,0.983879835407213,33.2906962547276,92.4741562631322,0.221478810293739,0.599578002916994,0.329519301369834,-0.32954940914563,0.659068710515464,0.958973743414635,0.153888847714012,0.273026871135109
2000,0.75,0.85,0.518362787842316,30976.1035643954,1.03826015111563,26.427208298088,73.4089119391333,0.216264995392223,0.600282341336717,0.38994207918536,-0.389223013055073,0.779165092240433,1.14222004899414,0.183294827812141,0.259731822950919
2000,0.75,1,0.518362787842316,36442.4747816416,1.06578213421809,21.1472041843823,58.7422338455064,0.222134311780539,0.611890860347665,0.466269160807282,-0.466067559826469,0.932336720633752,1.36080159625153,0.218371140036512,0.260433331478922
2000,0.75,1.15,0.518362787842316,41908.8459988878,1.07858141642246,17.0405691602023,47.3349143338953,0.239137041790476,0.638163106780665,0.541058816837108,-0.541060672798239,1.08211948963535,1.57380567893559,0.252552422962898,0.272556037173025
2000,0.75,1.3,0.518362787842316,47375.2172161341,1.0832945588066,13.7810271843545,38.2806310676514,0.265750649091046,0.695572806809606,0.638041682913439,-0.637715328924799,1.27575701183824,1.90210839695154,0.305235958173108,0.294751645748238
2000,0.9,0.7,0.622035345410779,25509.7323471491,0.967233049282232,32.91150968622,91.4208602394999,0.215627980691538,0.600453228523259,0.317576721088036,-0.317614830069273,0.635191551157309,0.924278244397729,0.148321176647688,0.268271940292645
2000,0.9,0.85,0.622035345410779,30976.1035643954,1.0249806229091,26.2742630984503,72.984064162362,0.209364564670922,0.59998048666728,0.372960627561657,-0.372579161365274,0.745539788926931,1.09127261452007,0.17511916915721,0.251274021609508
2000,0.9,1,0.622035345410779,36442.4747816416,1.05544108171412,21.1060245912538,58.6278460868162,0.212730909187014,0.607925912234173,0.442480665771518,-0.442480670849926,0.884961336621444,1.29017117605897,0.207036904817218,0.249934054245306
2000,0.9,1.15,0.622035345410779,41908.8459988878,1.07052944823602,17.0605861743085,47.390517150857,0.225407337240402,0.628401951759517,0.507713878276537,-0.508086168561718,1.01580004683826,1.47723359221885,0.23705526545652,0.258051161325466
2000,0.9,1.3,0.622035345410779,47375.2172161341,1.07699217839404,13.8417791580474,38.4493865501316,0.245672079463349,0.67055807832272,0.606107904473032,-0.60525057737855,1.21135848185158,1.80325727886869,0.289373078963459,0.274133966039824
2000,1,0.7,0.691150383789754,25509.7323471491,0.956602965935902,32.6388692030353,90.6635255639869,0.211898513469776,0.600724872840819,0.311336365941781,-0.311344108107533,0.622680474049314,0.903513229667759,0.144988964257616,0.265196520680739
2000,1,0.85,0.691150383789754,30976.1035643954,1.01637249256811,26.1577856346153,72.6605156517092,0.205070805162848,0.599860103104537,0.362332607376354,-0.362090872936646,0.724423480313,1.05948278458856,0.170017777872225,0.245944732871581
2000,1,1,0.691150383789754,36442.4747816416,1.04867477861819,21.0681163802382,58.5225455006617,0.207061986146309,0.605928090621864,0.427828278663913,-0.427828280211459,0.855656558875372,1.24647001517741,0.200024073300181,0.243531638578486
2000,1,1.15,0.691150383789754,41908.8459988878,1.06523021456626,17.0656705415174,47.4046403931039,0.217431409523193,0.623009666612295,0.487570650994265,-0.488372559473393,0.975943210467658,1.43311415290688,0.229975311782989,0.249552936792095
2000,1,1.3,0.691150383789754,47375.2172161341,1.07282836929533,13.8746054664599,38.5405707401663,0.234460320640347,0.656969929515699,0.586690880098597,-0.585829964244527,1.17252084434312,1.74327491606647,0.279747563397277,0.26255506576957
2000,1.1,0.7,0.76026542216873,25509.7323471491,0.946343619971331,32.3513169725329,89.8647693681471,0.208298601078338,0.600791022002621,0.307062201145469,-0.307068571929736,0.614130773075205,0.890957391062616,0.142974098315459,0.262191214540005
2000,1.1,0.85,0.76026542216873,30976.1035643954,1.00796250287898,26.0300684401766,72.3057456671572,0.20099901172827,0.599794108550094,0.352266892918913,-0.352119036872016,0.70438592979093,1.02944778330201,0.165197988205599,0.240840364676433
2000,1.1,1,0.76026542216873,36442.4747816416,1.04201281094769,21.0219645769491,58.3943460470809,0.201810277315398,0.604355285917163,0.414019775927016,-0.414019776376581,0.828039552303597,1.20538806928265,0.193431553578961,0.237544505275591
2000,1.1,1.15,0.76026542216873,41908.8459988878,1.05998660537569,17.0641975600525,47.4005487779237,0.210237378026148,0.618427036955564,0.470382538735622,-0.470382538735622,0.940765077471244,1.39868731303128,0.224450753102138,0.241832334903796
2000,1.1,1.3,0.76026542216873,47375.2172161341,1.06869369878771,13.9013329360185,38.6148137111625,0.224622573868907,0.645544334969081,0.568564149769248,-0.567822242791323,1.13638639256057,1.68734021788969,0.270771586412749,0.252343943151705
2000,1.25,0.7,0.863937979737193,25509.7323471491,0.931641238688503,31.8938743236108,88.5940953433632,0.203128766204845,0.600575052890497,0.30188605646327,-0.301887013659522,0.603773070122792,0.875557493287818,0.140502839284906,0.257805453821411
2000,1.25,0.85,0.863937979737193,30976.1035643954,0.995722188032808,25.8181804474582,71.7171679096061,0.195268272797312,0.599773226823113,0.338229731212543,-0.338165391550236,0.676395122762779,0.987690960241302,0.158497169305042,0.234423324665218
2000,1.25,1,0.863937979737193,36442.4747816416,1.03221946648623,20.9375799463302,58.1599442953618,0.194613960655798,0.602639223122845,0.394853623802972,-0.394853623866762,0.789707247669734,1.14854408450909,0.18430966116392,0.229242277223917
2000,1.25,1.15,0.863937979737193,41908.8459988878,1.05222732804708,17.049871018281,47.3607528285583,0.200671686320012,0.612900817154315,0.454219149725031,-0.454219149725031,0.908438299450062,1.34787311393778,0.216296475052599,0.231469225652142
2000,1.25,1.3,0.863937979737193,47375.2172161341,1.06254561372567,13.9302117846465,38.6950327351291,0.211932168928134,0.633910552582908,0.543409125339171,-0.543233864739343,1.08664299007851,1.61175906253336,0.258642894687297,0.239082047977671
2200,0.75,0.7,0.570199066626548,28060.705581864,1.00606145783404,29.7414061860608,82.6150171835023,0.214568563312091,0.598730753036505,0.346489532715052,-0.346374246478806,0.692863779193858,1.00582427241525,0.161407065988711,0.259786818374587
2200,0.75,0.85,0.570199066626548,34073.7139208349,1.05041246204203,23.2306753641697,64.5296537893602,0.214041356021481,0.604486076950732,0.423453301785669,-0.422756499972878,0.846209801758547,1.23710118442374,0.198520634255045,0.253928615271939
2200,0.75,1,0.570199066626548,40086.7222598058,1.07106557183288,18.3048276356123,50.8467434322565,0.226008079334355,0.621299708083935,0.501100752516117,-0.501100752516124,1.00220150503224,1.45844058300658,0.234039505585497,0.260571877971061
2200,0.75,1.15,0.570199066626548,46099.7305987766,1.07935296239308,14.5070849680296,40.2974582445266,0.249206211274228,0.668633585242309,0.591125209135543,-0.591236528976193,1.18236173811174,1.76170571432365,0.282705198395862,0.278902134965581
2200,0.75,1.3,0.570199066626548,52112.7389377475,1.08104547729753,11.5085957746911,31.9683215963641,0.277484761625299,0.736313374033735,0.741695871003566,-0.733507427807562,1.47520329881113,2.20032985030647,0.353092279720532,0.302852203017088
2200,0.9,0.7,0.684238879951857,28060.705581864,0.989866834077854,29.4439615966233,81.7887822128425,0.208018706962753,0.599228365306497,0.332708914436445,-0.332666461356051,0.665375375792496,0.965984528072176,0.155013885370078,0.253197965949902
2200,0.9,0.85,0.684238879951857,34073.7139208349,1.03790786325649,23.1288179138727,64.2467164274241,0.205602063917504,0.602627061412319,0.401689629994942,-0.401338522048267,0.803028152043209,1.17212805025732,0.188094237476302,0.244086077113962
2200,0.9,1,0.684238879951857,40086.7222598058,1.06153514877299,18.2984602906282,50.8290563628561,0.213794165362005,0.615142756658259,0.470178225973444,-0.470178225973445,0.940356451946889,1.36643322387074,0.219274861010132,0.247395370675247
2200,0.9,1.15,0.684238879951857,46099.7305987766,1.07206238122054,14.5561031372918,40.4336198258104,0.231042100439637,0.648906283816576,0.562530034623092,-0.56225459047376,1.12478462509685,1.67272638185533,0.268426468620471,0.260082493267629
2200,0.9,1.3,0.684238879951857,52112.7389377475,1.07546170176558,11.6001969298313,32.2227692495315,0.25261817784332,0.702222603950627,0.687770982426,-0.692929310090695,1.3807002925167,2.06126968548017,0.330776957038348,0.277564643414626
2200,1,0.7,0.76026542216873,28060.705581864,0.979491094918041,29.2254329405268,81.1817581681301,0.203902610782526,0.599485323853919,0.324610747325382,-0.324592502908125,0.649203250233508,0.942643344214619,0.151268268857857,0.249791650701512
2200,1,0.85,0.76026542216873,34073.7139208349,1.02977873893125,23.0466350322476,64.0184306451321,0.200469523079577,0.601755528384988,0.388288196849801,-0.388066589689253,0.776354786539054,1.13223990979338,0.18169329061451,0.238017349521073
2200,1,1,0.76026542216873,40086.7222598058,1.05528471818141,18.2836420773689,50.7878946593582,0.206655724750376,0.611803941250964,0.451486756533773,-0.451486756533773,0.902973513067547,1.31098500981996,0.210376951315868,0.23960965968457
2200,1,1.15,0.76026542216873,46099.7305987766,1.06725378395326,14.579525929276,40.4986831368777,0.220882008050166,0.638418190170145,0.544817663304113,-0.544514374966236,1.08933203827035,1.61775846700372,0.259605633706226,0.249476675339406
2200,1,1.3,0.76026542216873,52112.7389377475,1.07176239915459,11.6510499033964,32.3640275094344,0.239150369688187,0.6881957777149,0.657442478978192,-0.667527755258572,1.32497023423676,1.98248632877774,0.31813440027886,0.26380318445874
2200,1.1,0.7,0.836291964385603,28060.705581864,0.969451550030788,28.9915890288506,80.5321917468071,0.199970666245082,0.599701000135557,0.31730005246563,-0.317297611543586,0.634597664009216,0.921622149459009,0.147894946636339,0.246512894785279
2200,1.1,0.85,0.836291964385603,34073.7139208349,1.02181855127833,22.9533339261427,63.7592609059519,0.195682061058081,0.601118588981117,0.375749448995992,-0.375609941914595,0.751359390910587,1.09501316836477,0.175719424925344,0.232293917075128
2200,1.1,1,0.836291964385603,40086.7222598058,1.04911864918749,18.2604887106171,50.7235797517142,0.200185002555214,0.609031591111451,0.434204642598725,-0.434204642598725,0.86840928519745,1.27596422949675,0.204757081567615,0.232487600539888
2200,1.1,1.15,0.836291964385603,46099.7305987766,1.06248635085765,14.5956705024584,40.5435291734956,0.211949583258664,0.629787226387745,0.528038822594458,-0.527780063298444,1.0558188858929,1.5657696598828,0.251262863451249,0.240091724098117
2200,1.1,1.3,0.836291964385603,52112.7389377475,1.06807865866765,11.6939748229078,32.4832633969662,0.227573624723155,0.675535509918023,0.630638364752638,-0.643233840984243,1.27387220573688,1.90728719126852,0.306067011885956,0.251922452824282
2200,1.25,0.7,0.950331777710912,28060.705581864,0.955019737523715,28.6138020109252,79.482783363681,0.194390899039194,0.600191462021202,0.307658158981211,-0.307663823211238,0.615321982192449,0.893975889840706,0.143458484151856,0.24180962830321
2200,1.25,0.85,0.950331777710912,34073.7139208349,1.01020016849311,22.7931963783501,63.3144343843058,0.189067988735898,0.600501766829721,0.358520201326845,-0.358451559039845,0.71697176036669,1.04402937831849,0.167537932203365,0.224277800152735
2200,1.25,1,0.950331777710912,40086.7222598058,1.0400316310187,18.2104593097381,50.5846091937169,0.191526370146099,0.605815621921559,0.414128287658508,-0.414128287658508,0.828256575317016,1.22741584696075,0.196966404608889,0.222845222212576
2200,1.25,1.15,0.950331777710912,46099.7305987766,1.05541334216314,14.6066124026073,40.5739233405759,0.200389219080432,0.620974941996494,0.504332109575498,-0.504171655199082,1.00850376477458,1.49302867874029,0.239589941385887,0.227840471900657
2200,1.25,1.3,0.950331777710912,52112.7389377475,1.06258015139542,11.7442361942325,32.6228783173125,0.212958988802489,0.658801921176874,0.595515010488691,-0.60870910494433,1.20422411543302,1.80070195999454,0.288963020732162,0.23683335823338
2500,0.75,0.7,0.647953484802895,31887.1654339364,1.028425212302,25.2840991293884,70.2336086927455,0.207548307324927,0.600616271732619,0.380779987282064,-0.380380144377975,0.761160131660039,1.11317304381434,0.178633584282422,0.248316977249209
2500,0.75,0.85,0.647953484802895,38720.1294554942,1.06081680232213,19.2972737912044,53.6035383089012,0.214425554291475,0.611744482166778,0.463876395333708,-0.463876395334424,0.927752790668132,1.3500531961058,0.216646318137524,0.249453145210495
2500,0.75,1,0.647953484802895,45553.093477052,1.07382898472627,14.8476162046875,41.2433783463543,0.234373301018194,0.650318895881803,0.559899543425094,-0.559872043286487,1.11977158671158,1.66648507241093,0.267424910522326,0.264027623797853
2500,0.75,1.15,0.647953484802895,52386.0574986098,1.07725412241809,11.4531358616032,31.814266282231,0.260858240284959,0.712809051441319,0.709674430227348,-0.712544497882827,1.42221892811018,2.1210186137113,0.340365012791467,0.285763356319172
2500,0.75,1.3,0.647953484802895,59219.0215201676,1.07562291689123,8.80106412016917,24.4474003338033,0.279274811735897,0.779892430306622,0.82475676102127,-0.885653390109835,1.7104101511311,2.62807596325458,0.421733738246129,0.300038699605274
2500,0.9,0.7,0.777544181763474,31887.1654339364,1.01317508209307,25.0813020635183,69.6702835097731,0.199551513711012,0.600139734681574,0.36057359614606,-0.360401018082753,0.720974614228813,1.05289856189695,0.168961191651735,0.238490975015597
2500,0.9,0.85,0.777544181763474,38720.1294554942,1.04948355163129,19.2538288504178,53.4828579178273,0.203046099519669,0.607236381915088,0.434044016609458,-0.434044016609458,0.868088033218916,1.26141224449429,0.202421889160775,0.236875197958426
2500,0.9,1,0.777544181763474,45553.093477052,1.06542632426542,14.8842864084228,41.3452400233966,0.217267976229528,0.633521189056657,0.531063956473792,-0.530884616652754,1.06194857312655,1.57675063613453,0.253025007403321,0.246137038268704
2500,0.9,1.15,0.777544181763474,52386.0574986098,1.07102074710303,11.5435997254463,32.0655547929063,0.237159157376774,0.687964785605359,0.655884799166773,-0.668026767989837,1.32391156715661,1.98304716578178,0.318224399156201,0.261576631675246
2500,0.9,1.3,0.777544181763474,59219.0215201676,1.07114291225052,8.94779162706294,24.8549767418415,0.253396623651181,0.75390768494212,0.745604650533885,-0.824461306104423,1.57006595663831,2.44025375040619,0.39159345118528,0.273932602316828
2500,1,0.7,0.863937979737193,31887.1654339364,1.0033594841634,24.9258917594301,69.2385882206392,0.194657898975061,0.599979352982708,0.348284791252399,-0.348192072970261,0.69647686422266,1.0163812160541,0.16310116439664,0.232382685030546
2500,1,0.85,0.863937979737193,38720.1294554942,1.04208761114859,19.2106550706001,53.3629307516669,0.196385830937292,0.605217608041172,0.416151421626176,-0.416151421626176,0.832302843252352,1.20844441393939,0.193922012635502,0.229410574658052
2500,1,1,0.863937979737193,45553.093477052,1.05989584105258,14.8969532755666,41.3804257654629,0.207741717757933,0.625022122921347,0.513090897550272,-0.512933651954134,1.02602454950441,1.52097177425044,0.244074037847494,0.236076731776541
2500,1,1.15,0.863937979737193,52386.0574986098,1.0668887622676,11.5910075459704,32.197243183251,0.224440060236831,0.67362268272126,0.62592203583555,-0.640212747750248,1.2661347835858,1.89707160468823,0.304427691874998,0.248515447782546
2500,1,1.3,0.863937979737193,59219.0215201676,1.06812137662927,9.02411002645132,25.0669722956981,0.23937692827178,0.73420279777306,0.705945668896674,-0.783587534249059,1.48953320314573,2.31539217454318,0.371556610588482,0.259725230974384
2500,1.1,0.7,0.950331777710912,31887.1654339364,0.993827927979857,24.7550414275967,68.7640039655465,0.190071301746176,0.599906509548396,0.336934991486009,-0.336888875427479,0.673823866913488,0.982760625748739,0.157705986544184,0.227821071089585
2500,1.1,0.85,0.950331777710912,38720.1294554942,1.03482282152682,19.1563979314524,53.2122164762566,0.190336457403502,0.603635124568444,0.399751599881806,-0.399751599881806,0.799503199763611,1.16956970182943,0.187683693085152,0.222553336453363
2500,1.1,1,0.950331777710912,45553.093477052,1.05442336729501,14.9004769365213,41.3902137125592,0.199378964548829,0.618364336839253,0.495946673220143,-0.49583450376954,0.991781176989683,1.4678587444136,0.23555086084049,0.227172016683112
2500,1.1,1.15,0.950331777710912,52386.0574986098,1.06277394808135,11.6287016301042,32.3019489725116,0.213556417169449,0.660827111858092,0.599432196654858,-0.613761828194298,1.21319402484916,1.81549937045722,0.291337597159193,0.23727686442274
2500,1.1,1.3,0.950331777710912,59219.0215201676,1.06507671078595,9.08674575630943,25.2409604341928,0.227354237512156,0.714447736131054,0.673616524710471,-0.744196834080022,1.41781335879049,2.19538381734463,0.352298577788149,0.247492027225215
2500,1.25,0.7,1.07992247467149,31887.1654339364,0.980066940874374,24.4712941935796,67.9758172043878,0.18369979701625,0.599898878146996,0.321643744225731,-0.321631324156424,0.643275068382155,0.937650722764445,0.150467090757501,0.222400044219182
2500,1.25,0.85,1.07992247467149,38720.1294554942,1.02417824127405,19.0548869851762,52.9302416254896,0.182215831772182,0.601956861007568,0.378367697652308,-0.37828460534999,0.756652303002297,1.11893822814085,0.179558737425516,0.213215986377351
2500,1.25,1,1.07992247467149,45553.093477052,1.0463270101757,14.8892835793435,41.359121053732,0.188552656039887,0.612970704451399,0.471489825556969,-0.471721736171649,0.943211561728618,1.39372316592508,0.223654144348976,0.215519282426472
2500,1.25,1.15,1.07992247467149,52386.0574986098,1.05663465440971,11.6683416423797,32.4120601177214,0.199848674409265,0.644367255222496,0.564387233916857,-0.576530075822204,1.14091730973906,1.70100213945556,0.27296394817632,0.223014652313805
2500,1.25,1.3,1.07992247467149,59219.0215201676,1.0604746962082,9.15901248470001,25.4417013463889,0.212220715771391,0.686477157550727,0.634950673459824,-0.689118509148695,1.32406918260852,2.02803300314824,0.325443385831607,0.232006704119261
2800,0.75,0.7,0.725707902979242,35713.6252860088,1.04202137931891,21.6510904475566,60.1419179098796,0.203721085601991,0.604086240104112,0.412786128423455,-0.412688411089875,0.82547453951333,1.20265034869026,0.192992224900548,0.240399859205217
2800,0.75,0.85,0.725707902979242,43366.5449901535,1.06546984851301,16.1494620256066,44.859616737796,0.217411325599345,0.627466894408217,0.501813823881097,-0.501814823762748,1.00362864764384,1.49247446814632,0.239501005864676,0.248182503489057
2800,0.75,1,0.725707902979242,51019.4646942982,1.07308923058766,12.115643307653,33.6545647434807,0.241460462438892,0.682468160075826,0.649521924392912,-0.653306974197994,1.30282889859091,1.94245234631848,0.31171004979756,0.266942850459137
2800,0.75,1.15,0.725707902979242,58672.384398443,1.07312116474903,9.08026747832292,25.2229652175637,0.261949362806433,0.760158941798757,0.769687949605309,-0.836040942888836,1.60572889249414,2.47760568966982,0.397587407675367,0.28288188049882
2800,0.75,1.3,0.725707902979242,66325.3041025877,1.06938636336469,6.90835340343529,19.189870565098,0.283174379177342,0.882130068689604,0.807516704967388,-1.0679501417088,1.87546684667619,3.15458453816341,0.506223849117948,0.300475545618964
2800,0.9,0.7,0.870849483575091,35713.6252860088,1.02783464106903,21.5186320171077,59.7739778252991,0.193852899508291,0.601978856168796,0.386623409164598,-0.386588899616483,0.773212308781081,1.12507130084097,0.180542926510202,0.228914311640856
2800,0.9,0.85,0.870849483575091,43366.5449901535,1.05524163785378,16.1506848636652,44.863013510181,0.202617348863364,0.616934894911169,0.476232430724564,-0.476233843681188,0.952466274405752,1.41245005812855,0.226659294262879,0.23236753994424
2800,0.9,1,0.870849483575091,51019.4646942982,1.0657155574999,12.1891898097477,33.8588605826324,0.220107765475596,0.660946850164279,0.601996165580094,-0.610738580723603,1.2127347463037,1.81023814432433,0.290493315412467,0.244963105940207
2800,0.9,1.15,0.870849483575091,58672.384398443,1.06791527075963,9.21167659181023,25.5879905328062,0.237342299670934,0.727789806082569,0.699713562916619,-0.768779234734064,1.46849279765068,2.27190273743861,0.364577754900604,0.257951341634612
2800,0.9,1.3,0.870849483575091,66325.3041025877,1.06600597742641,7.01016595244394,19.4726832012332,0.252058195748108,0.808896157592362,0.690681698665714,-0.943140115101302,1.63382181376702,2.77808116004844,0.445805436813731,0.269174042419415
2800,1,0.7,0.967610537305656,35713.6252860088,1.01866574968573,21.4103057670365,59.4730715751015,0.187993171404973,0.601135288389163,0.371071586672984,-0.371049204889478,0.742120791562461,1.07914525461826,0.173173062234139,0.221975205024101
2800,1,0.85,0.967610537305656,43366.5449901535,1.04854209162308,16.136578762122,44.8238298947835,0.194294214388916,0.611900642144161,0.459819346460149,-0.459811661359573,0.919631007819723,1.36130707285069,0.21845225509511,0.223353291694406
2800,1,1,0.967610537305656,51019.4646942982,1.06083791044738,12.2234536258498,33.9540378495829,0.208653792644917,0.648861817999115,0.574868088247148,-0.584044944725271,1.15891303297242,1.72766356820501,0.277242372457316,0.23307276412843
2800,1,1.15,0.967610537305656,58672.384398443,1.06441471562975,9.27803304596941,25.7723140165817,0.224168346647561,0.70625344896697,0.664407558111565,-0.726160428129668,1.39056798624123,2.14202362739432,0.343735738396932,0.24452686777949
2800,1,1.3,0.967610537305656,66325.3041025877,1.06358083544831,7.08009359487477,19.6669266524299,0.2380264919057,0.776945515653481,0.676594365740189,-0.878770028529452,1.55536439426964,2.58238011692572,0.414400814706612,0.255004715842843
2800,1.1,0.7,1.06437159103622,35713.6252860088,1.00973324656654,21.2866161538468,59.129489316241,0.182613991971332,0.600600913323555,0.356967674731712,-0.356951347140103,0.713919021871815,1.03764487022932,0.166513394670601,0.215517240858756
2800,1.1,0.85,1.06437159103622,43366.5449901535,1.04194138231985,16.1109744295945,44.7527067488735,0.186926314320373,0.60812759347771,0.443824496293654,-0.443816658480354,0.887641154774008,1.31160700523702,0.210476764432412,0.21528691419675
2800,1.1,1,1.06437159103622,51019.4646942982,1.05599139721472,12.2467165472696,34.0186570757488,0.198829993252292,0.63841744791466,0.550289468028982,-0.558639476019105,1.10892894404809,1.64930862943686,0.264668564965155,0.222799207794668
2800,1.1,1.15,1.06437159103622,58672.384398443,1.06089490137703,9.3302662905501,25.9174063626392,0.212922214522634,0.686003882137204,0.634836783943446,-0.686200194545695,1.32103697848914,2.02052385266575,0.324238374200165,0.233007104096162
2800,1.1,1.3,1.06437159103622,66325.3041025877,1.06109735238791,7.14208675131869,19.8391298647741,0.226577137755757,0.745663025444117,0.661597593758474,-0.817916785978997,1.47951437973747,2.39844107156683,0.384883668972146,0.243400003121527
2800,1.25,0.7,1.20951317163207,35713.6252860088,0.996786078535791,21.0736424262661,58.537895628517,0.175308132489837,0.600181323083496,0.338413405795807,-0.338404031109123,0.67681743690493,0.983318314166431,0.157795480160221,0.207239988275657
2800,1.25,0.85,1.20951317163207,43366.5449901535,1.03223337348722,16.0519575442345,44.5887709562071,0.177289506781725,0.604318418656739,0.420547188591717,-0.420543744121845,0.841090932713562,1.23955307541518,0.198914095162587,0.2045907804468
2800,1.25,1,1.20951317163207,51019.4646942982,1.04878479460192,12.2626151824252,34.0628199511811,0.186386552042088,0.625657360957346,0.51673505696024,-0.52285361154157,1.03958866850181,1.53930820773444,0.247016529901541,0.209658954275917
2800,1.25,1.15,1.20951317163207,58672.384398443,1.0555878725782,9.38600614092965,26.0722392803601,0.198770081870155,0.659332655153033,0.5979447743917,-0.631756522280072,1.22970129667177,1.8553688979636,0.297735557154439,0.21840787833937
2800,1.25,1.3,1.20951317163207,66325.3041025877,1.05728368761306,7.21275007445573,20.0354168734881,0.212355855580011,0.700475726395011,0.650677092076531,-0.736543152677684,1.38722024475422,2.15381169930517,0.34562739895134,0.228903349453001
3000,0.75,0.7,0.777544181763474,38264.5985207237,1.04785056929117,19.5914094273262,54.4205817425728,0.202447736639778,0.60627389177161,0.429472304448657,-0.42947230444874,0.858944608897397,1.24854422450195,0.200356926712554,0.236619907709884
3000,0.75,0.85,0.777544181763474,46464.155346593,1.06662646333659,14.3870499407996,39.9640276133321,0.219762665602396,0.638189662205971,0.54754430407361,-0.547151341575002,1.09469564564861,1.62510164817055,0.26078401183814,0.248005886847254
3000,0.75,1,0.777544181763474,54663.7121724624,1.071517887717,10.6055046076216,29.4597350211712,0.243419065995372,0.710897030071616,0.693660109077469,-0.71970664816081,1.41336675723828,2.13451327726203,0.342530534254771,0.266479111678504
3000,0.75,1.15,0.777544181763474,62863.2689983318,1.06986742379049,7.82184162997834,21.7273378610509,0.260009363112443,0.792616788499312,0.746174517314531,-0.914199801092262,1.66037431840679,2.70186025382181,0.433574082710991,0.278728867936459
3000,0.75,1.3,0.777544181763474,71062.8258242011,1.06715547399635,5.96062132258868,16.5572814516352,0.300586266328158,0.93495962994518,0.874042652007663,-1.19188229102324,2.0659249430309,3.51868632382613,0.564652147735113,0.316242745711676
3000,0.9,0.7,0.933053018116168,38264.5985207237,1.03437712508055,19.4962779024767,54.1563275068798,0.191160409910852,0.603250486761408,0.399065193443002,-0.399065193443003,0.798130386886005,1.15860676637587,0.185924444183816,0.223842539272622
3000,0.9,0.85,0.933053018116168,46464.155346593,1.05708611513775,14.4130039666215,40.0361221295042,0.202735202282753,0.623789186588094,0.513511310074356,-0.513356184674994,1.02686749474935,1.52109725774252,0.244094174488498,0.230063319746461
3000,0.9,1,0.933053018116168,54663.7121724624,1.06479128971171,10.7010538167102,29.7251494908618,0.22062206085416,0.681241553842356,0.635728683776195,-0.662555528959886,1.29828421273608,1.95898134129793,0.314362497801195,0.243152770550396
3000,0.9,1.15,0.933053018116168,62863.2689983318,1.0653454343727,7.96379983701263,22.121666213924,0.23592359170928,0.750421511599363,0.688130275154666,-0.825474462044073,1.51360473719874,2.43162817191632,0.39020928363764,0.254403834902069
3000,0.9,1.3,0.933053018116168,71062.8258242011,1.06289161307395,5.99170613122871,16.643628142302,0.256835531633303,0.871908618942405,0.679415021971479,-1.03325372438621,1.71266874635768,3.03179488057885,0.486519494283788,0.272112252137542
3000,1,0.7,1.03672557568463,38264.5985207237,1.02564689182326,19.4128426319425,53.924562866507,0.184594815015719,0.60198037617279,0.381313352848443,-0.381313352848443,0.762626705696886,1.11753685551259,0.179333855753353,0.216278768145959
3000,1,0.85,1.03672557568463,46464.155346593,1.05081987687181,14.4143246986164,40.0397908294899,0.193381384627121,0.618234649875054,0.492544928452395,-0.493272395133247,0.985817323585641,1.45845416426899,0.23404168500369,0.220084859362226
3000,1,1,1.03672557568463,54663.7121724624,1.06031714460304,10.7465782795069,29.8516063319636,0.208522387784948,0.664172259012713,0.604175059790537,-0.627534051334373,1.23170911112491,1.85171233634516,0.297148779823025,0.230673969664512
3000,1,1.15,1.03672557568463,62863.2689983318,1.06223993199229,8.03456522970907,22.3182367491919,0.223215805117135,0.722716424566398,0.664276962071867,-0.771056011846701,1.43533297391857,2.26680230119057,0.363759275497556,0.241491646160928
3000,1,1.3,1.03672557568463,71062.8258242011,1.06057738722859,6.06010308312193,16.8336196753387,0.242369616541846,0.820974343812592,0.691834587835838,-0.935788784975758,1.6276233728116,2.73707384935775,0.439224893985132,0.257517509889388
3000,1.1,0.7,1.14039813325309,38264.5985207237,1.0171244785279,19.3140645358275,53.6501792661876,0.178649306267327,0.601114114895646,0.365449812196295,-0.365449812196294,0.730899624392589,1.07833513776565,0.17304306081354,0.209332850923859
3000,1.1,0.85,1.14039813325309,46464.155346593,1.04463239867751,14.4035518750214,40.009866319504,0.185219817346264,0.613557295066529,0.472609274654213,-0.473579055243403,0.946188329897616,1.39733410108939,0.224233599892386,0.211288385026547
3000,1.1,1,1.14039813325309,54663.7121724624,1.05585313798728,10.779222618811,29.9422850522528,0.198206957829761,0.649373211252816,0.576220372236073,-0.594940606769512,1.17116097900558,1.75208963470112,0.281162082723718,0.219961105556706
3000,1.1,1.15,1.14039813325309,62863.2689983318,1.05908489548225,8.08928658519571,22.4702405144325,0.212361740815547,0.696505387415754,0.641226995707753,-0.720928284407745,1.3621552801155,2.11538804629542,0.339461461951252,0.230404160241566
3000,1.1,1.3,1.14039813325309,71062.8258242011,1.0583595767049,6.12677626253884,17.0188229514968,0.230862795996923,0.770991768793488,0.695993083907619,-0.849606414854409,1.54559949876203,2.47825124318044,0.397691001216452,0.245888918061221
3000,1.25,0.7,1.29590696960579,38264.5985207237,1.0047412024263,19.1385270400608,53.1625751112799,0.170688838934557,0.600375347474208,0.346432184483338,-0.346404321356862,0.6928365058402,1.02070809074067,0.163795508495518,0.199870749737278
3000,1.25,0.85,1.29590696960579,46464.155346593,1.03550776635627,14.3661037475832,39.9058437432866,0.174687313239364,0.608131835945101,0.444212880663898,-0.444998501831607,0.889211382495505,1.30910093706,0.210074609580203,0.199787245496365
3000,1.25,1,1.29590696960579,54663.7121724624,1.0491841362994,10.8069097809014,30.0191938358372,0.18519260234754,0.631500527115446,0.538506065508236,-0.550322471174487,1.08882853668272,1.61602654695956,0.259327708286726,0.206321380648832
3000,1.25,1.15,1.29590696960579,62863.2689983318,1.05427784269545,8.14559986332395,22.626666287011,0.198601292447702,0.661859403783133,0.609945348427088,-0.654556686563405,1.26450203499049,1.91554015338243,0.307391384777975,0.216247476512233
3000,1.25,1.3,1.29590696960579,71062.8258242011,1.05501668282278,6.19185018598145,17.1995838499485,0.216385249437767,0.703379091922889,0.688056251125398,-0.743821803066364,1.43187805419176,2.16302318699135,0.347105588771961,0.231174692999018
