t,q_ref_raw,q_raw,qdot_raw,qddot_raw,tau_prev_raw,mode,sim_tau_cmd_raw,c_tau_cmd_raw,diff_tau_cmd,sim_tau_load_hat_raw,c_tau_load_hat_raw,diff_tau_load_hat
0,20,11,11,-1,3,1,-14,-14,0,0,0,0
0.001,98,27,47,23,55,1,459,459,0,0,0,0
0.002,122,62,57,30,61,1,139,139,0,0,0,0
0.003,178,105,102,39,88,1,-301,-301,0,0,0,0
0.004,232,144,91,38,71,1,98,98,0,0,0,0
0.005,251,122,101,51,98,1,610,610,0,0,0,0
0.006,290,187,113,80,134,1,21,21,0,0,0,0
0.007,309,208,138,88,164,1,-371,-371,0,0,0,0
0.008,359,229,150,92,158,1,-80,-80,0,0,0,0
0.009,410,224,207,61,194,1,-5,-5,0,0,0,0
0.01,459,243,208,85,171,1,461,461,0,0,0,0
0.011,503,302,215,94,187,1,120,120,0,0,0,0
0.012,520,320,245,71,234,1,-328,-328,0,0,0,0
0.013,541,329,236,78,261,1,-6,-6,0,0,0,0
0.014,589,351,249,95,239,1,222,222,0,0,0,0
0.015,657,357,226,84,250,1,1552,1552,0,0,0,0
0.016,656,428,236,81,260,1,256,256,0,0,0,0
0.017,703,442,256,43,280,1,502,502,0,0,0,0
0.018,761,470,267,34,278,1,829,829,0,0,0,0
0.019,747,484,238,60,282,1,805,805,0,0,0,0
0.02,808,486,244,46,307,1,1668,1668,0,0,0,0
0.021,857,527,230,16,272,1,2004,2004,0,0,0,0
0.022,849,514,223,-1,318,1,2191,2191,0,0,0,0
0.023,894,558,230,2,312,1,2112,2112,0,0,0,0
0.024,940,555,238,11,323,1,2787,2787,0,0,0,0
0.025,927,582,229,-12,315,1,2282,2282,0,0,0,0
0.026,972,624,196,-7,310,1,2812,2812,0,0,0,0
0.027,1008,619,155,-42,280,1,4064,4064,0,0,0,0
0.028,1027,661,152,-25,300,1,3745,3745,0,0,0,0
0.029,1037,663,155,-62,284,1,3836,3836,0,0,0,0
0.03,1045,663,152,-30,264,1,4013,4013,0,0,0,0
0.031,1079,678,93,-69,279,1,5173,5173,0,0,0,0
0.032,1089,681,109,-89,252,1,5060,5060,0,0,0,0
0.033,1112,725,91,-54,267,1,4990,4990,0,0,0,0
0.034,1121,752,31,-83,241,1,5572,5572,0,0,0,0
0.035,1158,735,52,-82,236,1,6139,6139,0,0,0,0
0.036,1168,762,15,-97,223,1,6406,6406,0,0,0,0
0.037,1155,800,8,-95,193,1,5697,5697,0,0,0,0
0.038,1178,782,-22,-85,193,1,6791,6791,0,0,0,0
0.039,1171,821,-43,-89,162,1,6363,6363,0,0,0,0
0.04,1186,827,-53,-75,141,1,6657,6657,0,0,0,0
0.041,1186,821,-79,-84,148,1,7134,7134,0,0,0,0
0.042,1205,837,-116,-70,115,1,7720,7720,0,0,0,0
0.043,1192,817,-136,-85,96,1,8126,8126,0,0,0,0
0.044,1198,849,-123,-54,92,1,7529,7529,0,0,0,0
0.045,1210,869,-175,-41,55,1,8156,8156,0,0,0,0
0.046,1193,849,-185,-18,4,1,8354,8354,0,0,0,0
0.047,1214,847,-211,-18,19,1,9102,9102,0,0,0,0
0.048,1172,852,-213,-41,-3,1,8385,8385,0,0,0,0
0.049,6000,864,-213,-17,-17,1,12288,12288,0,0,0,0
0.05,6000,873,-242,13,-24,1,12288,12288,0,0,0,0
0.051,6000,906,-238,21,-55,1,12288,12288,0,0,0,0
0.052,6000,891,-235,-3,-61,1,12288,12288,0,0,0,0
0.053,6000,898,-252,5,-90,1,12288,12288,0,0,0,0
0.054,6000,888,-236,38,-99,1,12288,12288,0,0,0,0
0.055,1088,889,-249,43,-143,1,7328,7328,0,0,0,0
0.056,1075,903,-259,36,-170,1,7040,7040,0,0,0,0
0.057,1090,913,-236,49,-170,1,6788,6788,0,0,0,0
0.058,1061,883,-240,59,-169,1,6862,6862,0,0,0,0
0.059,1049,895,-240,87,-185,1,6478,6478,0,0,0,0
0.06,1041,903,-247,63,-208,1,6323,6323,0,0,0,0
0.061,1004,916,-197,94,-235,1,4803,4803,0,0,0,0
0.062,948,878,-228,97,-253,1,4961,4961,0,0,0,0
0.063,936,881,-205,67,-277,1,4390,4390,0,0,0,0
0.064,924,885,-182,97,-267,1,3803,3803,0,0,0,0
0.065,878,858,-149,56,-272,1,3024,3024,0,0,0,0
0.066,887,876,-165,68,-254,1,3110,3110,0,0,0,0
0.067,857,887,-158,49,-283,1,2353,2353,0,0,0,0
0.068,821,844,-109,55,-287,1,1760,1760,0,0,0,0
0.069,770,847,-79,46,-297,1,464,464,0,0,0,0
0.07,756,819,-84,63,-323,1,760,760,0,0,0,0
0.071,686,831,-37,59,-311,1,-1229,-1229,0,0,0,0
0.072,661,845,-51,25,-292,1,-1652,-1652,0,0,0,0
0.073,634,812,-2,16,-288,1,-2261,-2261,0,0,0,0
0.074,612,784,-25,39,-274,1,-1834,-1834,0,0,0,0
0.075,562,777,30,-12,-294,1,-3314,-3314,0,0,0,0
0.076,507,781,62,-6,-279,1,-4725,-4725,0,0,0,0
0.077,480,781,51,-10,-268,1,-5004,-5004,0,0,0,0
0.078,441,747,100,-16,-263,1,-5796,-5796,0,0,0,0
0.079,400,734,107,-51,-287,1,-6351,-6351,0,0,0,0
0.08,354,737,111,-51,-238,1,-7198,-7198,0,0,0,0
0.081,327,686,115,-68,-235,1,-6878,-6878,0,0,0,0
0.082,287,713,163,-44,-227,1,-8647,-8647,0,0,0,0
0.083,263,672,165,-52,-242,1,-8410,-8410,0,0,0,0
0.084,223,649,188,-53,-187,1,-9019,-9019,0,0,0,0
0.085,168,655,184,-78,-187,1,-9944,-9944,0,0,0,0
0.086,123,611,186,-102,-197,1,-9994,-9994,0,0,0,0
0.087,98,587,201,-59,-161,1,-10232,-10232,0,0,0,0
0.088,62,575,237,-100,-167,1,-11141,-11141,0,0,0,0
0.089,9,577,219,-94,-154,1,-11768,-11768,0,0,0,0
0.09,-27,529,233,-102,-103,1,-11783,-11783,0,0,0,0
0.091,-62,527,252,-80,-83,1,-12288,-12288,0,0,0,0
0.092,-148,496,238,-62,-76,1,-12288,-12288,0,0,0,0
0.093,-148,490,249,-45,-76,1,-12288,-12288,0,0,0,0
0.094,-219,450,245,-59,-48,1,-12288,-12288,0,0,0,0
0.095,-250,460,260,-75,-39,1,-12288,-12288,0,0,0,0
0.096,-275,447,236,-26,-14,1,-12288,-12288,0,0,0,0
0.097,-320,394,223,-58,-3,1,-12288,-12288,0,0,0,0
0.098,-389,374,251,-44,47,1,-12288,-12288,0,0,0,0
0.099,-402,364,200,-34,72,1,-12288,-12288,0,0,0,0
0.1,-472,348,212,10,78,1,-12288,-12288,0,0,0,0
0.101,-495,290,199,-5,103,1,-12288,-12288,0,0,0,0
0.102,-510,299,171,28,96,1,-12288,-12288,0,0,0,0
0.103,-567,282,175,23,152,1,-12288,-12288,0,0,0,0
0.104,-595,258,160,28,154,1,-12288,-12288,0,0,0,0
0.105,-624,216,129,53,146,1,-12288,-12288,0,0,0,0
0.106,-655,211,102,31,183,1,-12288,-12288,0,0,0,0
0.107,-692,173,72,42,194,1,-12288,-12288,0,0,0,0
0.108,-764,131,91,82,229,1,-12288,-12288,0,0,0,0
0.109,-775,112,77,72,237,1,-12288,-12288,0,0,0,0
0.11,-805,103,20,66,215,1,-12288,-12288,0,0,0,0
0.111,-857,77,1,82,256,1,-12288,-12288,0,0,0,0
0.112,-861,64,-3,91,235,1,-12288,-12288,0,0,0,0
0.113,-887,36,-17,91,268,1,-12288,-12288,0,0,0,0
0.114,-902,-15,-34,80,293,1,-12288,-12288,0,0,0,0
0.115,-923,-30,-58,85,267,1,-12288,-12288,0,0,0,0
0.116,-990,-35,-83,64,297,1,-12288,-12288,0,0,0,0
0.117,-1009,-76,-105,73,288,1,-12288,-12288,0,0,0,0
0.118,-1010,-112,-155,89,277,1,-11962,-11962,0,0,0,0
0.119,-1058,-101,-148,85,319,1,-12288,-12288,0,0,0,0
0.12,-1074,-150,-152,33,311,1,-12288,-12288,0,0,0,0
0.121,-1075,-181,-189,37,288,1,-11444,-11444,0,0,0,0
0.122,-1113,-194,-206,30,283,1,-11612,-11612,0,0,0,0
0.123,-1099,-229,-209,24,288,1,-10796,-10796,0,0,0,0
0.124,-1110,-255,-215,14,302,1,-10482,-10482,0,0,0,0
0.125,-1165,-258,-251,4,307,1,-10808,-10808,0,0,0,0
0.126,-1152,-275,-221,4,280,1,-10772,-10772,0,0,0,0
0.127,-1149,-318,-230,-18,247,1,-9918,-9918,0,0,0,0
0.128,-1150,-353,-260,-3,238,1,-8954,-8954,0,0,0,0
0.129,-1194,-360,-262,-48,240,1,-9529,-9529,0,0,0,0
0.13,-1205,-386,-267,-9,256,1,-9229,-9229,0,0,0,0
0.131,-1174,-406,-254,-58,213,1,-8612,-8612,0,0,0,0
0.132,-1176,-438,-224,-30,221,1,-8570,-8570,0,0,0,0
0.133,-1214,-432,-249,-48,179,1,-8926,-8926,0,0,0,0
0.134,-1203,-483,-216,-44,180,1,-8416,-8416,0,0,0,0
0.135,-1188,-512,-246,-72,181,1,-7286,-7286,0,0,0,0
0.136,-1179,-499,-235,-83,166,1,-7514,-7514,0,0,0,0
0.137,-1210,-517,-211,-71,115,1,-8074,-8074,0,0,0,0
0.138,-1180,-562,-217,-95,106,1,-6793,-6793,0,0,0,0
0.139,-1166,-585,-206,-84,91,1,-6366,-6366,0,0,0,0
0.14,-1171,-583,-162,-78,74,1,-7117,-7117,0,0,0,0
0.141,-1181,-584,-163,-97,60,1,-7253,-7253,0,0,0,0
0.142,-1178,-636,-128,-60,63,1,-6883,-6883,0,0,0,0
0.143,-1152,-639,-134,-74,9,1,-6338,-6338,0,0,0,0
0.144,-1112,-670,-112,-65,-4,1,-5525,-5525,0,0,0,0
0.145,-1136,-662,-62,-52,-11,1,-6763,-6763,0,0,0,0
0.146,-1121,-692,-58,-34,-15,1,-6107,-6107,0,0,0,0
0.147,-1086,-712,-61,-64,-34,1,-5190,-5190,0,0,0,0
0.148,-1082,-713,-25,-54,-87,1,-5634,-5634,0,0,0,0
0.149,-1057,-733,-20,-48,-84,1,-4992,-4992,0,0,0,0
0.15,-1042,-764,-1,4,-97,1,-4536,-4536,0,0,0,0
0.151,-994,-767,45,-14,-126,1,-4382,-4382,0,0,0,0
0.152,-961,-752,42,11,-122,1,-4051,-4051,0,0,0,0
0.153,-950,-772,67,-7,-177,1,-3915,-3915,0,0,0,0
0.154,-938,-798,80,42,-170,1,-3494,-3494,0,0,0,0
0.155,-901,-802,100,10,-178,1,-3126,-3126,0,0,0,0
0.156,-858,-839,135,47,-178,1,-2350,-2350,0,0,0,0
0.157,-812,-834,138,22,-242,1,-1737,-1737,0,0,0,0
0.158,-778,-819,162,73,-219,1,-1779,-1779,0,0,0,0
0.159,-784,-864,183,55,-250,1,-1457,-1457,0,0,0,0
0.16,-764,-831,183,74,-240,1,-1665,-1665,0,0,0,0
0.161,-688,-845,192,77,-262,1,-355,-355,0,0,0,0
0.162,-649,-861,204,60,-258,1,352,352,0,0,0,0
0.163,-638,-882,253,76,-296,1,159,159,0,0,0,0
0.164,-586,-902,230,55,-265,1,1648,1648,0,0,0,0
0.165,-544,-896,241,94,-297,1,2072,2072,0,0,0,0
0.166,-520,-878,260,77,-280,1,1900,1900,0,0,0,0
0.167,-469,-897,265,66,-309,1,2954,2954,0,0,0,0
0.168,-474,-881,260,69,-319,1,2696,2696,0,0,0,0
0.169,-422,-912,269,64,-308,1,3900,3900,0,0,0,0
0.17,-382,-882,248,47,-290,1,4369,4369,0,0,0,0
0.171,-350,-882,224,50,-276,1,5232,5232,0,0,0,0
0.172,-269,-889,240,59,-293,1,6416,6416,0,0,0,0
0.173,-273,-914,224,45,-297,1,6988,6988,0,0,0,0
0.174,-199,-912,234,58,-261,1,8002,8002,0,0,0,0
0.175,-189,-918,192,37,-264,1,8869,8869,0,0,0,0
0.176,-132,-916,202,32,-270,1,9617,9617,0,0,0,0
0.177,-88,-878,154,-13,-250,1,10416,10416,0,0,0,0
0.178,-58,-886,157,-4,-261,1,10993,10993,0,0,0,0
0.179,1,-868,139,-28,-236,1,11920,11920,0,0,0,0
0.18,44,-887,109,-37,-229,1,12288,12288,0,0,0,0
0.181,75,-878,127,-42,-223,1,12288,12288,0,0,0,0
0.182,137,-843,109,-38,-217,1,12288,12288,0,0,0,0
0.183,150,-831,59,-54,-195,1,12288,12288,0,0,0,0
0.184,192,-868,63,-62,-150,1,12288,12288,0,0,0,0
0.185,242,-825,52,-71,-136,1,12288,12288,0,0,0,0
0.186,284,-827,14,-44,-134,1,12288,12288,0,0,0,0
0.187,316,-846,-17,-78,-95,1,12288,12288,0,0,0,0
0.188,392,-804,-22,-56,-112,1,12288,12288,0,0,0,0
0.189,427,-810,-57,-54,-65,1,12288,12288,0,0,0,0
0.19,430,-795,-68,-74,-45,1,12288,12288,0,0,0,0
0.191,481,-751,-84,-56,-61,1,12288,12288,0,0,0,0
0.192,512,-751,-122,-53,0,1,12288,12288,0,0,0,0
0.193,561,-772,-122,-59,14,1,12288,12288,0,0,0,0
0.194,589,-726,-147,-61,17,1,12288,12288,0,0,0,0
0.195,636,-746,-158,-81,39,1,12288,12288,0,0,0,0
0.196,693,-686,-190,-77,62,1,12288,12288,0,0,0,0
0.197,699,-685,-180,-77,76,1,12288,12288,0,0,0,0
0.198,747,-667,-223,-60,72,1,12288,12288,0,0,0,0
0.199,776,-683,-218,-37,110,1,12288,12288,0,0,0,0
0.2,1616,-662,-224,-32,150,1,12288,12288,0,0,0,0
0.201,1612,-622,-259,-7,151,1,12288,12288,0,0,0,0
0.202,1675,-611,-226,-20,152,1,12288,12288,0,0,0,0
0.203,1715,-571,-243,6,202,1,12288,12288,0,0,0,0
0.204,1724,-579,-270,3,192,1,12288,12288,0,0,0,0
0.205,1735,-554,-232,6,194,1,12288,12288,0,0,0,0
0.206,1780,-548,-239,43,229,1,12288,12288,0,0,0,0
0.207,1806,-509,-226,27,219,1,12288,12288,0,0,0,0
0.208,1826,-465,-234,47,254,1,12288,12288,0,0,0,0
0.209,1821,-480,-238,41,267,1,12288,12288,0,0,0,0
0.21,1884,-431,-215,69,252,1,12288,12288,0,0,0,0
0.211,1902,-442,-229,50,267,1,12288,12288,0,0,0,0
0.212,1892,-383,-214,50,287,1,12288,12288,0,0,0,0
0.213,1918,-380,-206,81,275,1,12288,12288,0,0,0,0
0.214,1905,-378,-195,78,309,1,12288,12288,0,0,0,0
0.215,1966,-322,-148,88,309,1,12288,12288,0,0,0,0
0.216,1970,-293,-155,58,282,1,12288,12288,0,0,0,0
0.217,1971,-308,-138,93,305,1,12288,12288,0,0,0,0
0.218,1987,-286,-126,54,304,1,12288,12288,0,0,0,0
0.219,1966,-256,-111,97,292,1,12288,12288,0,0,0,0
0.22,1978,-218,-96,91,303,1,12288,12288,0,0,0,0
0.221,1980,-172,-39,79,287,1,12288,12288,0,0,0,0
0.222,2002,-153,-30,47,283,1,12288,12288,0,0,0,0
0.223,1978,-156,-22,57,274,1,12288,12288,0,0,0,0
0.224,2020,-147,5,67,276,1,12288,12288,0,0,0,0
0.225,1997,-93,38,44,238,1,12288,12288,0,0,0,0
0.226,1994,-70,35,32,258,1,12288,12288,0,0,0,0
0.227,1973,-62,51,-9,223,1,12288,12288,0,0,0,0
0.228,1997,-20,81,-19,216,1,12288,12288,0,0,0,0
0.229,1998,25,100,2,233,1,12288,12288,0,0,0,0
0.23,1981,7,137,-17,189,1,12288,12288,0,0,0,0
0.231,1951,40,158,-24,195,1,12288,12288,0,0,0,0
0.232,1969,92,173,-49,160,1,12288,12288,0,0,0,0
0.233,1923,81,181,-52,182,1,12288,12288,0,0,0,0
0.234,1945,104,187,-30,165,1,12288,12288,0,0,0,0
0.235,1917,130,182,-64,114,1,12288,12288,0,0,0,0
0.236,1885,185,233,-40,126,1,12288,12288,0,0,0,0
0.237,1880,176,240,-86,107,1,12288,12288,0,0,0,0
0.238,1867,198,231,-72,52,1,12288,12288,0,0,0,0
0.239,1827,249,251,-70,42,1,12288,12288,0,0,0,0
0.24,1836,280,263,-70,13,1,12288,12288,0,0,0,0
0.241,1791,303,237,-64,-4,1,12288,12288,0,0,0,0
0.242,1791,310,254,-67,-9,1,12288,12288,0,0,0,0
0.243,1763,357,273,-62,-29,1,12288,12288,0,0,0,0
0.244,1699,341,235,-97,-50,1,12288,12288,0,0,0,0
0.245,1699,378,228,-93,-82,1,12288,12288,0,0,0,0
0.246,1653,396,264,-86,-84,1,12288,12288,0,0,0,0
0.247,1647,427,253,-76,-82,1,12288,12288,0,0,0,0
0.248,1605,430,203,-43,-130,1,12288,12288,0,0,0,0
0.249,1569,-5000,221,-44,-130,1,12288,12288,0,0,0,0
0.25,1559,-5000,212,-27,-171,1,12288,12288,0,0,0,0
0.251,1482,-5000,204,-24,-160,1,12288,12288,0,0,0,0
0.252,1474,-5000,185,-17,-185,1,12288,12288,0,0,0,0
0.253,1427,-5000,166,-26,-182,1,12288,12288,0,0,0,0
0.254,1376,-5000,152,18,-239,1,12288,12288,0,0,0,0
0.255,1376,580,136,24,-222,1,12288,12288,0,0,0,0
0.256,1329,608,90,33,-246,1,12226,12226,0,0,0,0
0.257,1308,601,75,51,-260,1,12224,12224,0,0,0,0
0.258,1255,617,61,33,-272,1,11328,11328,0,0,0,0
0.259,1202,665,74,42,-251,1,9530,9530,0,0,0,0
0.26,1196,667,29,53,-292,1,10056,10056,0,0,0,0
0.261,1111,669,16,53,-279,1,8858,8858,0,0,0,0
0.262,1067,695,14,68,-315,1,7772,7772,0,0,0,0
0.263,1061,731,-51,78,-271,1,8042,8042,0,0,0,0
0.264,1001,748,-68,79,-283,1,7061,7061,0,0,0,0
0.265,960,749,-83,61,-290,1,6605,6605,0,0,0,0
0.266,944,749,-71,91,-299,2,3941,3941,0,-201,-201,0
0.267,875,792,-100,58,-306,2,2440,2440,0,-328,-328,0
0.268,862,772,-149,64,-300,2,3158,3158,0,-428,-428,0
0.269,807,812,-169,72,-285,2,1846,1846,0,-508,-508,0
0.27,749,792,-180,91,-289,2,1313,1313,0,-591,-591,0
0.271,694,843,-158,56,-263,2,-724,-724,0,-615,-615,0
0.272,662,844,-197,81,-285,2,-738,-738,0,-663,-663,0
0.273,657,839,-186,61,-249,2,-903,-903,0,-669,-669,0
0.274,587,845,-199,60,-268,2,-1940,-1940,0,-678,-678,0
0.275,534,860,-202,32,-266,2,-2963,-2963,0,-656,-656,0
0.276,500,871,-232,57,-255,2,-3251,-3251,0,-656,-656,0
0.277,489,873,-253,32,-236,2,-3121,-3121,0,-620,-620,0
0.278,412,886,-245,-6,-189,2,-4591,-4591,0,-535,-535,0
0.279,404,860,-229,21,-181,2,-4491,-4491,0,-493,-493,0
0.28,331,882,-227,-7,-169,2,-5974,-5974,0,-427,-427,0
0.281,336,903,-255,2,-175,2,-5782,-5782,0,-382,-382,0
0.282,276,890,-248,-14,-163,2,-6579,-6579,0,-326,-326,0
0.283,214,920,-228,-9,-138,2,-8291,-8291,0,-278,-278,0
0.284,222,900,-243,-21,-105,2,-7562,-7562,0,-213,-213,0
0.285,157,889,-243,-42,-112,2,-8355,-8355,0,-142,-142,0
0.286,141,920,-233,-43,-76,2,-9180,-9180,0,-71,-71,0
0.287,96,896,-212,-86,-65,2,-9716,-9716,0,31,31,0
0.288,40,901,-212,-54,-26,2,-10627,-10627,0,96,96,0
0.289,9,905,-173,-62,-12,2,-11688,-11688,0,157,157,0
0.29,-21,914,-162,-54,-18,2,-12288,-12288,0,194,194,0
0.291,-51,878,-133,-66,9,2,-12288,-12288,0,243,243,0
0.292,-86,909,-125,-74,55,2,-12288,-12288,0,307,307,0
0.293,-115,890,-122,-66,78,2,-12288,-12288,0,359,359,0
0.294,-96,874,-118,-73,78,2,-12288,-12288,0,408,408,0
0.295,-167,868,-95,-76,112,2,-12288,-12288,0,461,461,0
0.296,-171,895,-42,-48,99,2,-12288,-12288,0,463,463,0
0.297,-214,886,-35,-67,126,2,-12288,-12288,0,494,494,0
0.298,-233,858,-41,-81,156,2,-12288,-12288,0,545,545,0
0.299,-226,840,0,-77,141,2,-12288,-12288,0,571,571,0
0.3,-238,863,35,-53,183,2,-12288,-12288,0,580,580,0
0.301,-281,805,58,-40,214,2,-12288,-12288,0,583,583,0
0.302,-321,798,79,-26,195,2,-12288,-12288,0,561,561,0
0.303,-288,809,103,-42,199,2,-12288,-12288,0,558,558,0
0.304,-351,803,101,-7,244,2,-12288,-12288,0,538,538,0
0.305,-347,762,129,23,256,2,-12288,-12288,0,493,493,0
0.306,-352,759,116,23,245,2,-12288,-12288,0,455,455,0
0.307,-344,742,163,30,259,2,-12288,-12288,0,417,417,0
0.308,-358,736,172,30,268,2,-12288,-12288,0,388,388,0
0.309,-376,719,171,58,262,2,-12288,-12288,0,335,335,0
0.31,-393,702,186,25,301,2,-12288,-12288,0,339,339,0
0.311,-376,687,222,68,278,2,-12288,-12288,0,285,285,0
0.312,-378,683,208,72,311,2,-12288,-12288,0,252,252,0
0.313,-380,655,222,61,307,2,-12288,-12288,0,234,234,0
0.314,-389,672,232,72,280,2,-12288,-12288,0,196,196,0
0.315,-420,636,256,57,313,2,-12288,-12288,0,191,191,0
0.316,-407,603,231,53,280,2,-12288,-12288,0,181,181,0
0.317,-394,613,229,72,303,2,-12288,-12288,0,163,163,0
0.318,-388,602,234,72,269,2,-12288,-12288,0,135,135,0
0.319,-365,561,260,80,290,2,-12288,-12288,0,109,109,0
0.32,-387,524,223,69,276,2,-12288,-12288,0,99,99,0
0.321,-356,537,244,94,273,2,-12288,-12288,0,61,61,0
0.322,-360,522,234,51,276,2,-12288,-12288,0,77,77,0
0.323,-327,508,220,81,265,2,-12288,-12288,0,57,57,0
0.324,-344,479,209,59,219,2,-12288,-12288,0,46,46,0
0.325,-314,451,207,36,213,2,-12288,-12288,0,58,58,0
0.326,-316,417,171,61,242,2,-12288,-12288,0,59,59,0
0.327,-294,390,170,36,200,2,-12288,-12288,0,68,68,0
0.328,-238,359,159,3,205,2,-11730,-11730,0,112,112,0
0.329,-248,375,129,34,176,2,-11717,-11717,0,109,109,0
0.33,-198,339,131,-7,171,2,-10332,-10332,0,146,146,0
0.331,-194,302,101,-1,118,2,-9238,-9238,0,152,152,0
0.332,-195,271,70,-6,123,2,-8296,-8296,0,168,168,0
0.333,-131,255,53,-12,118,2,-6752,-6752,0,187,187,0
0.334,-142,256,43,-22,82,2,-6788,-6788,0,199,199,0
0.335,-75,205,39,-25,78,2,-4831,-4831,0,211,211,0
0.336,-88,172,25,-36,65,2,-4292,-4292,0,228,228,0
0.337,-25,165,-11,-73,45,2,-2606,-2606,0,276,276,0
0.338,-20,139,-54,-61,-5,2,-1478,-1478,0,288,288,0
0.339,21,133,-47,-69,11,2,-804,-804,0,311,311,0
0.34,84,101,-51,-93,-25,2,802,802,0,340,340,0
0.341,94,73,-115,-80,-64,2,2335,2335,0,343,343,0
0.342,137,73,-119,-65,-52,2,3073,3073,0,335,335,0
0.343,176,43,-155,-83,-99,2,4693,4693,0,333,333,0
0.344,180,-19,-143,-86,-114,2,5570,5570,0,327,327,0
0.345,254,-38,-183,-79,-127,2,7622,7622,0,315,315,0
0.346,295,-53,-157,-72,-140,2,8119,8119,0,290,290,0
0.347,294,-96,-198,-58,-174,2,9339,9339,0,248,248,0
0.348,352,-85,-199,-49,-155,2,10070,10070,0,212,212,0
0.349,379,-109,-226,-72,-173,2,11265,11265,0,203,203,0
0.35,441,-158,-234,-66,-213,2,12288,12288,0,175,175,0
0.351,445,-150,-259,-55,-193,2,12288,12288,0,153,153,0
0.352,511,-192,-222,-19,-252,2,12288,12288,0,70,70,0
0.353,566,-233,-258,-9,-261,2,12288,12288,0,-5,-5,0
0.354,604,-237,-262,-28,-239,2,12288,12288,0,-37,-37,0
0.355,613,-257,-257,7,-276,2,12288,12288,0,-113,-113,0
0.356,692,-279,-266,2,-287,2,12288,12288,0,-172,-172,0
0.357,703,-289,-257,33,-303,2,12288,12288,0,-259,-259,0
0.358,774,-315,-254,24,-295,2,12288,12288,0,-317,-317,0
0.359,800,-363,-214,50,-313,2,12288,12288,0,-401,-401,0
0.36,825,-384,-211,41,-288,2,12288,12288,0,-450,-450,0
0.361,896,-427,-233,38,-323,2,12288,12288,0,-498,-498,0
0.362,941,-429,-194,72,-303,2,12288,12288,0,-568,-568,0
0.363,977,-462,-223,53,-280,2,12288,12288,0,-592,-592,0
0.364,1032,-487,-183,82,-296,2,12288,12288,0,-652,-652,0
0.365,1037,-472,-152,74,-306,2,12288,12288,0,-700,-700,0
0.366,1077,-533,-169,66,-313,2,12288,12288,0,-731,-731,0
0.367,1113,-548,-155,77,-266,2,12288,12288,0,-750,-750,0
0.368,1173,-541,-105,101,-308,2,12288,12288,0,-812,-812,0
0.369,1205,-565,-94,70,-276,2,12288,12288,0,-820,-820,0
0.37,1243,-591,-58,58,-275,2,12288,12288,0,-818,-818,0
0.371,1286,-589,-79,98,-244,2,12288,12288,0,-842,-842,0
0.372,1315,-636,-60,55,-243,2,12288,12288,0,-820,-820,0
0.373,1338,-656,-44,55,-214,2,12288,12288,0,-793,-793,0
0.374,1399,-657,-9,63,-201,2,12288,12288,0,-778,-778,0
0.375,1425,-694,-2,71,-198,2,12288,12288,0,-774,-774,0
0.376,1468,-680,48,74,-197,2,12288,12288,0,-780,-780,0
0.377,1527,-684,41,26,-179,2,12288,12288,0,-728,-728,0
0.378,1523,-705,80,19,-144,2,12288,12288,0,-671,-671,0
0.379,1578,-716,103,49,-137,2,12288,12288,0,-655,-655,0
0.38,1610,-771,99,18,-118,2,12288,12288,0,-603,-603,0
0.381,1623,-767,148,23,-92,2,12288,12288,0,-562,-562,0
0.382,1662,-754,180,-12,-101,2,12288,12288,0,-502,-502,0
0.383,1716,-770,165,-26,-60,2,12288,12288,0,-421,-421,0
0.384,1711,-794,187,-5,-45,2,12288,12288,0,-374,-374,0
0.385,1757,-802,193,-48,-45,2,12288,12288,0,-294,-294,0
0.386,1788,-833,235,-54,-6,2,12288,12288,0,-213,-213,0
0.387,1788,-842,240,-57,-20,2,12288,12288,0,-151,-151,0
0.388,1843,-861,254,-65,-6,2,12288,12288,0,-90,-90,0
0.389,1845,-828,232,-81,58,2,12288,12288,0,3,3,0
0.39,1860,-867,234,-80,82,2,12288,12288,0,86,86,0
0.391,1890,-838,222,-91,74,2,12288,12288,0,162,162,0
0.392,1892,-895,228,-75,89,2,12288,12288,0,212,212,0
0.393,1924,-861,273,-69,100,2,12288,12288,0,245,245,0
0.394,1917,-880,253,-79,153,2,12288,12288,0,305,305,0
0.395,1963,-909,243,-102,137,2,12288,12288,0,371,371,0
0.396,1956,-882,224,-73,172,2,12288,12288,0,411,411,0
0.397,1951,-883,256,-64,197,2,12288,12288,0,440,440,0
0.398,1971,-886,203,-88,194,2,12288,12288,0,493,493,0
0.399,2002,-888,225,-68,233,2,12288,12288,0,528,528,0
0.4,2004,-890,210,-37,217,2,12288,12288,0,520,520,0
0.401,1992,-886,205,-37,250,2,12288,12288,0,528,528,0
0.402,1989,-906,191,-48,233,2,12288,12288,0,540,540,0
0.403,1993,-876,172,-50,257,2,12288,12288,0,564,564,0
0.404,2025,-899,150,-46,278,2,12288,12288,0,590,590,0
0.405,1979,-908,127,-43,263,2,12288,12288,0,605,605,0
0.406,2017,-868,126,-24,300,2,12288,12288,0,612,612,0
0.407,2011,-901,73,-1,311,2,12288,12288,0,606,606,0
0.408,1974,-889,61,10,282,2,12288,12288,0,580,580,0
0.409,1974,-871,66,3,297,2,12288,12288,0,571,571,0
0.41,1978,-861,51,27,274,2,12288,12288,0,533,533,0
0.411,1979,-879,18,35,295,2,12288,12288,0,507,507,0
0.412,1977,-887,-33,62,305,2,12288,12288,0,469,469,0
0.413,1966,-852,-14,75,281,2,12288,12288,0,413,413,0
0.414,1917,-843,-28,84,319,2,12288,12288,0,376,376,0
0.415,1897,-827,-74,66,274,2,12288,12288,0,353,353,0
0.416,1895,-842,-98,90,286,2,12288,12288,0,317,317,0
0.417,1882,-805,-119,81,254,2,12288,12288,0,288,288,0
0.418,1868,-796,-125,58,262,2,12288,12288,0,292,292,0
0.419,1819,-781,-164,58,278,2,12288,12288,0,306,306,0
0.42,1825,-774,-182,85,248,2,12288,12288,0,281,281,0
0.421,1816,-766,-154,88,260,2,12288,12288,0,259,259,0
0.422,1792,-760,-193,85,246,2,12288,12288,0,243,243,0
0.423,1769,-731,-204,73,214,2,12288,12288,0,231,231,0
0.424,1741,-749,-227,74,185,2,12288,12288,0,212,212,0
0.425,1715,-713,-249,72,205,2,12288,12288,0,210,210,0
0.426,1640,-691,-256,67,194,2,12288,12288,0,210,210,0
0.427,1655,-676,-263,32,144,2,12288,12288,0,226,226,0
0.428,1591,-693,-236,41,118,2,12288,12288,0,216,216,0
0.429,1562,-667,-235,24,141,2,12288,12288,0,234,234,0
0.43,1537,-619,-227,23,111,2,12288,12288,0,237,237,0
0.431,1528,-609,-225,10,74,2,12288,12288,0,238,238,0
0.432,1476,-623,-265,-17,50,2,12288,12288,0,261,261,0
0.433,1428,-588,-268,10,48,2,12288,12288,0,252,252,0
0.434,1394,-552,-229,-14,51,2,12288,12288,0,265,265,0
0.435,1384,-531,-241,-5,-7,2,12288,12288,0,245,245,0
0.436,1342,-528,-200,-56,1,2,12288,12288,0,279,279,0
0.437,1270,-529,-212,-63,-42,2,12288,12288,0,298,298,0
0.438,1237,-502,-202,-69,-43,2,12288,12288,0,318,318,0
0.439,1203,-492,-190,-38,-70,2,12288,12288,0,290,290,0
0.44,1157,-463,-181,-64,-83,2,12288,12288,0,288,288,0
0.441,1134,-447,-152,-56,-124,2,12288,12288,0,258,258,0
0.442,1076,-393,-154,-96,-104,2,12288,12288,0,283,283,0
0.443,1053,-371,-96,-64,-115,2,12288,12288,0,259,259,0
0.444,1030,-362,-86,-101,-157,2,12288,12288,0,259,259,0
0.445,985,-317,-64,-59,-178,2,12288,12288,0,205,205,0
0.446,905,-331,-39,-79,-174,2,12288,12288,0,181,181,0
0.447,869,-306,-33,-55,-220,2,12288,12288,0,118,118,0
0.448,838,-260,-1,-68,-239,2,12288,12288,0,69,69,0
0.449,807,-242,12,-67,4000,2,12288,12288,0,1701,1701,0
0.45,752,-238,20,-84,4000,2,12288,12288,0,3027,3027,0
0.451,703,-174,18,-54,4000,2,12288,12288,0,4061,4061,0
0.452,667,-165,63,-41,4000,2,12288,12288,0,4872,4872,0
0.453,618,-141,84,-40,4000,2,12288,12288,0,5519,5519,0
0.454,610,-129,114,-28,4000,2,12288,12288,0,6023,6023,0
0.455,561,-93,139,-9,-306,2,12288,12288,0,4705,4705,0
0.456,505,-96,145,-10,-283,2,11184,11184,0,3656,3656,0
0.457,479,-59,134,-3,-271,2,9492,9492,0,2814,2814,0
0.458,430,-18,150,1,-310,2,7124,7124,0,2116,2116,0
0.459,391,5,205,8,-277,2,4779,4779,0,1555,1555,0
0.46,343,26,218,31,-277,2,3013,3013,0,1080,1080,0
0.461,311,26,206,46,-282,2,2277,2277,0,683,683,0
0.462,299,65,200,50,-298,2,1219,1219,0,355,355,0
0.463,252,123,210,26,-296,2,-845,-845,0,115,115,0
0.464,217,146,218,42,-296,2,-2098,-2098,0,-95,-95,0
0.465,145,163,264,67,-268,2,-4373,-4373,0,-283,-283,0
0.466,129,149,242,70,-294,2,-4250,-4250,0,-445,-445,0
0.467,88,173,248,93,-266,2,-5519,-5519,0,-588,-588,0
0.468,40,204,266,100,-256,2,-7163,-7163,0,-708,-708,0
0.469,24,260,236,98,-226,2,-7960,-7960,0,-786,-786,0
0.47,-25,251,248,85,-215,2,-8820,-8820,0,-833,-833,0
0.471,-48,276,245,91,-225,2,-9592,-9592,0,-880,-880,0
0.472,-48,301,230,97,-205,2,-9810,-9810,0,-914,-914,0
0.473,-83,348,207,59,-185,2,-10769,-10769,0,-892,-892,0
0.474,-109,360,213,64,-179,2,-11449,-11449,0,-878,-878,0
0.475,-167,399,185,45,-176,2,-12288,-12288,0,-843,-843,0
0.476,-188,381,184,70,-166,2,-12288,-12288,0,-836,-836,0
0.477,-219,402,174,78,-128,2,-12288,-12288,0,-822,-822,0
0.478,-239,464,147,25,-117,2,-12288,-12288,0,-750,-750,0
0.479,-259,448,172,23,-107,2,-12288,-12288,0,-689,-689,0
0.48,-237,499,140,18,-85,2,-12288,-12288,0,-622,-622,0
0.481,-259,514,133,38,-81,2,-12288,-12288,0,-586,-586,0
0.482,-311,514,114,8,-36,2,-12288,-12288,0,-507,-507,0
0.483,-326,537,61,-10,-41,2,-12288,-12288,0,-421,-421,0
0.484,-304,580,34,-12,-20,2,-12288,-12288,0,-338,-338,0
0.485,-337,563,56,-27,33,2,-12288,-12288,0,-238,-238,0
0.486,-361,628,11,-37,19,2,-12288,-12288,0,-147,-147,0
0.487,-366,600,-1,-30,68,2,-12288,-12288,0,-61,-61,0
0.488,-386,624,-12,-33,76,2,-12288,-12288,0,16,16,0
0.489,-378,665,-60,-63,82,2,-12288,-12288,0,116,116,0
0.49,-377,654,-67,-54,118,2,-12288,-12288,0,203,203,0
0.491,-392,715,-102,-88,132,2,-12288,-12288,0,317,317,0
0.492,-381,703,-126,-45,170,2,-12288,-12288,0,383,383,0
0.493,-419,699,-154,-94,189,2,-12288,-12288,0,496,496,0
0.494,-395,718,-160,-74,179,2,-12288,-12288,0,564,564,0
0.495,-374,751,-176,-54,189,2,-12288,-12288,0,604,604,0
0.496,-415,782,-166,-89,214,2,-12288,-12288,0,680,680,0
0.497,-393,763,-192,-91,204,2,-12288,-12288,0,743,743,0
0.498,-381,782,-191,-66,237,2,-12288,-12288,0,781,781,0
0.499,-390,803,-228,-77,228,2,-12288,-12288,0,823,823,0
0.5,-350,818,-241,-84,247,2,-12288,-12288,0,874,874,0
0.501,-365,832,-230,-63,281,2,-12288,-12288,0,905,905,0
0.502,-355,821,-253,-44,290,2,-12288,-12288,0,917,917,0
0.503,-320,832,-233,-45,282,2,-12288,-12288,0,922,922,0
0.504,-353,867,-255,-59,313,2,-12288,-12288,0,955,955,0
0.505,-294,877,-261,-29,275,2,-12288,-12288,0,937,937,0
0.506,-315,859,-237,-7,287,2,-12288,-12288,0,902,902,0
0.507,-285,895,-263,-35,304,2,-12288,-12288,0,913,913,0
0.508,-261,859,-232,-2,297,2,-12288,-12288,0,881,881,0
0.509,-240,897,-244,0,308,2,-12288,-12288,0,859,859,0
0.51,-241,907,-251,18,277,2,-12288,-12288,0,812,812,0
0.511,-204,893,-215,2,306,2,-12288,-12288,0,798,798,0
0.512,-178,903,-205,15,274,2,-12288,-12288,0,759,759,0
0.513,-123,874,-219,30,274,2,-12083,-12083,0,715,715,0
0.514,-98,915,-188,63,263,2,-12288,-12288,0,638,638,0
0.515,-88,908,-173,48,283,2,-12288,-12288,0,597,597,0
0.516,-41,904,-144,53,240,2,-12288,-12288,0,538,538,0
0.517,-15,904,-153,79,277,2,-12020,-12020,0,481,481,0
0.518,-9,882,-117,54,236,2,-12132,-12132,0,439,439,0
0.519,9,916,-77,66,216,2,-12288,-12288,0,381,381,0
0.52,66,897,-107,81,208,2,-11436,-11436,0,319,319,0
0.521,86,899,-51,72,203,2,-12004,-12004,0,270,270,0
0.522,104,873,-50,85,175,2,-11378,-11378,0,206,206,0
0.523,189,893,-22,84,186,2,-10790,-10790,0,157,157,0
0.524,224,868,-11,59,170,2,-10011,-10011,0,135,135,0
0.525,239,889,19,55,147,2,-10566,-10566,0,108,108,0
0.526,280,846,42,83,144,2,-9607,-9607,0,54,54,0
0.527,321,844,83,60,116,2,-9545,-9545,0,18,18,0
0.528,372,841,101,39,69,2,-8968,-8968,0,-10,-10,0
0.529,388,843,124,28,55,2,-9096,-9096,0,-30,-30,0
0.53,433,858,144,38,47,2,-8936,-8936,0,-62,-62,0
0.531,455,805,133,50,19,2,-7625,-7625,0,-110,-110,0
0.532,497,824,169,9,5,2,-7783,-7783,0,-117,-117,0
0.533,552,786,191,40,-11,3,-4195,-4195,0,0,0,0
0.534,578,793,166,-19,-15,3,-3739,-3739,0,0,0,0
0.535,609,777,211,0,-46,3,-3910,-3910,0,0,0,0
0.536,668,758,215,-5,-50,3,-3334,-3334,0,0,0,0
0.537,729,762,207,-22,-80,3,-2781,-2781,0,0,0,0
0.538,747,741,237,-45,-130,3,-2834,-2834,0,0,0,0
0.539,818,723,248,-51,-98,3,-2256,-2256,0,0,0,0
0.54,852,727,251,-47,-158,3,-2052,-2052,0,0,0,0
0.541,892,693,222,-37,-162,3,-1108,-1108,0,0,0,0
0.542,945,714,272,-68,-198,3,-1460,-1460,0,0,0,0
0.543,945,661,242,-77,-188,3,-671,-671,0,0,0,0
0.544,992,683,264,-79,-194,3,-738,-738,0,0,0,0
0.545,1070,624,228,-52,-228,3,795,795,0,0,0,0
0.546,1111,646,246,-91,-208,3,729,729,0,0,0,0
0.547,1109,583,211,-97,-260,3,1642,1642,0,0,0,0
0.548,1185,562,229,-60,-230,3,2199,2199,0,0,0,0
0.549,1185,547,225,-97,-248,3,2368,2368,0,0,0,0
0.55,1231,560,199,-58,-290,3,2948,2948,0,0,0,0
0.551,1268,515,204,-66,-299,3,3543,3543,0,0,0,0
0.552,1315,498,178,-44,-308,3,4371,4371,0,0,0,0
0.553,1357,497,140,-70,-287,3,5178,5178,0,0,0,0
0.554,1421,444,123,-36,-308,3,6320,6320,0,0,0,0
0.555,1433,448,107,-67,-274,3,6579,6579,0,0,0,0
0.556,1452,420,103,-24,-320,3,7004,7004,0,0,0,0
0.557,1493,386,114,-38,-284,3,7470,7470,0,0,0,0
0.558,1514,402,63,-22,-305,3,8130,8130,0,0,0,0
0.559,1547,352,68,5,-322,3,8733,8733,0,0,0,0
0.56,1599,325,38,7,-281,3,9730,9730,0,0,0,0
0.561,1635,323,20,8,-285,3,10253,10253,0,0,0,0
0.562,1650,308,-2,9,-297,3,10760,10760,0,0,0,0
0.563,1686,252,-46,42,-283,3,12031,12031,0,0,0,0
0.564,1699,224,-33,36,-286,3,12201,12201,0,0,0,0
0.565,1754,242,-76,33,-277,3,12288,12288,0,0,0,0
0.566,1766,191,-70,48,-244,3,12288,12288,0,0,0,0
0.567,1778,173,-136,76,-234,3,12288,12288,0,0,0,0
0.568,1818,145,-150,44,-239,3,12288,12288,0,0,0,0
0.569,1824,140,-166,63,-220,3,12288,12288,0,0,0,0
0.57,1849,94,-151,87,-171,3,12288,12288,0,0,0,0
0.571,1860,87,-199,84,-188,3,12288,12288,0,0,0,0
0.572,1910,50,-196,77,-166,3,12288,12288,0,0,0,0
0.573,1902,4,-204,62,-166,3,12288,12288,0,0,0,0
0.574,1951,0,-216,56,-155,3,12288,12288,0,0,0,0
0.575,1936,-7,-236,72,-108,3,12288,12288,0,0,0,0
0.576,1936,-47,-215,84,-108,3,12288,12288,0,0,0,0
0.577,1974,-79,-243,57,-65,3,12288,12288,0,0,0,0
0.578,1986,-122,-263,85,-72,3,12288,12288,0,0,0,0
0.579,2001,-113,-246,63,-46,3,12288,12288,0,0,0,0
0.58,1969,-152,-270,48,-11,3,12288,12288,0,0,0,0
0.581,2008,-180,-241,55,10,3,12288,12288,0,0,0,0
0.582,2015,-202,-264,23,11,3,12288,12288,0,0,0,0
0.583,1989,-223,-223,44,51,3,12288,12288,0,0,0,0
0.584,1998,-251,-260,8,61,3,12288,12288,0,0,0,0
0.585,2005,-277,-240,-20,93,3,12288,12288,0,0,0,0
0.586,1984,-292,-236,19,108,3,12288,12288,0,0,0,0
0.587,2012,-336,-207,-15,130,3,12288,12288,0,0,0,0
0.588,1998,-350,-204,-3,119,3,12288,12288,0,0,0,0
0.589,2000,-362,-188,-53,128,3,12288,12288,0,0,0,0
0.59,1971,-361,-174,-57,140,3,12288,12288,0,0,0,0
0.591,1965,-407,-149,-51,172,3,12288,12288,0,0,0,0
0.592,1938,-422,-150,-37,192,3,12288,12288,0,0,0,0
0.593,1932,-426,-129,-85,198,3,12288,12288,0,0,0,0
0.594,1940,-452,-114,-67,207,3,12288,12288,0,0,0,0
0.595,1936,-477,-100,-61,232,3,12288,12288,0,0,0,0
0.596,1878,-503,-56,-83,238,3,12288,12288,0,0,0,0
0.597,1856,-524,-20,-82,234,3,12288,12288,0,0,0,0
0.598,1838,-565,0,-58,285,3,12288,12288,0,0,0,0
0.599,1836,-587,24,-78,277,3,12288,12288,0,0,0,0
0.6,1833,-610,1,-68,266,3,12288,12288,0,0,0,0
0.601,1781,-626,53,-66,280,3,12288,12288,0,0,0,0
0.602,1770,-617,40,-52,297,3,12288,12288,0,0,0,0
0.603,1747,-635,98,-75,276,3,12288,12288,0,0,0,0
0.604,1736,-682,120,-59,300,3,12288,12288,0,0,0,0
0.605,1675,-657,119,-69,312,3,12288,12288,0,0,0,0
0.606,1638,-693,163,-55,283,3,12288,12288,0,0,0,0
0.607,1634,-704,153,-22,298,3,12288,12288,0,0,0,0
0.608,1596,-743,173,-5,315,3,12288,12288,0,0,0,0
0.609,1560,-717,178,-29,301,3,12288,12288,0,0,0,0
0.61,1553,-770,215,3,283,3,12288,12288,0,0,0,0
0.611,1514,-778,214,2,255,3,12288,12288,0,0,0,0
0.612,1450,-777,222,20,294,3,12288,12288,0,0,0,0
0.613,1438,-787,226,13,288,3,12288,12288,0,0,0,0
0.614,1415,-797,251,22,267,3,12288,12288,0,0,0,0
0.615,1384,-788,221,23,228,3,12288,12288,0,0,0,0
0.616,1301,-845,254,46,234,3,12288,12288,0,0,0,0
0.617,1304,-821,228,31,232,3,12288,12288,0,0,0,0
0.618,1227,-843,236,79,205,3,12288,12288,0,0,0,0
0.619,1219,-832,225,54,213,3,12288,12288,0,0,0,0
0.62,1176,-847,247,79,178,3,12288,12288,0,0,0,0
0.621,1154,-847,264,75,132,3,12288,12288,0,0,0,0
0.622,1097,-851,219,70,130,3,12288,12288,0,0,0,0
0.623,1027,-862,206,103,148,3,12288,12288,0,0,0,0
0.624,1017,-900,218,98,130,3,12288,12288,0,0,0,0
0.625,955,-884,181,91,108,3,12288,12288,0,0,0,0
0.626,942,-876,185,58,52,3,12288,12288,0,0,0,0
0.627,860,-879,176,72,35,3,11772,11772,0,0,0,0
0.628,833,-874,141,77,34,3,11941,11941,0,0,0,0
0.629,809,-902,167,43,-14,3,11657,11657,0,0,0,0
0.63,740,-924,124,67,10,3,11804,11804,0,0,0,0
0.631,723,-888,115,66,-30,3,11490,11490,0,0,0,0
0.632,685,-911,72,65,-36,3,11892,11892,0,0,0,0
0.633,645,-891,96,33,-61,3,11121,11121,0,0,0,0
0.634,611,-921,36,0,-93,3,11818,11818,0,0,0,0
0.635,547,-903,29,0,-84,3,11247,11247,0,0,0,0
0.636,492,-886,-11,21,-136,3,11158,11158,0,0,0,0
0.637,457,-909,-27,-23,-139,3,11256,11256,0,0,0,0
0.638,423,-895,-50,-9,-161,3,11152,11152,0,0,0,0
0.639,367,-899,-58,-16,-162,3,10833,10833,0,0,0,0
0.64,361,-856,-93,-36,-178,3,10867,10867,0,0,0,0
0.641,290,-856,-94,-27,-205,3,10311,10311,0,0,0,0
0.642,251,-856,-108,-69,-226,3,10169,10169,0,0,0,0
0.643,259,-855,-146,-51,-245,3,10687,10687,0,0,0,0
0.644,216,-824,-133,-70,-265,3,9937,9937,0,0,0,0
0.645,151,-851,-185,-51,-256,3,10266,10266,0,0,0,0
0.646,121,-820,-175,-79,-288,3,9656,9656,0,0,0,0
0.647,112,-842,-177,-93,-279,3,9784,9784,0,0,0,0
0.648,67,-804,-199,-87,-255,3,9388,9388,0,0,0,0
0.649,17,-815,-242,-79,-278,3,9599,9599,0,0,0,0
0.65,-6,-812,-248,-101,-295,3,9464,9464,0,0,0,0
0.651,-16,-754,-257,-59,-272,3,9029,9029,0,0,0,0
0.652,-88,-774,-260,-67,-273,3,8650,8650,0,0,0,0
0.653,-67,-724,-245,-82,-286,3,8235,8235,0,0,0,0
0.654,-116,-726,-226,-61,-310,3,7628,7628,0,0,0,0
0.655,-162,-712,-257,-36,-279,3,7525,7525,0,0,0,0
0.656,-156,-697,-235,-49,-282,3,7186,7186,0,0,0,0
0.657,-217,-665,-259,-51,-285,3,6733,6733,0,0,0,0
0.658,-223,-688,-219,-29,-291,3,6383,6383,0,0,0,0
0.659,-235,-633,-244,-16,-295,3,6151,6151,0,0,0,0
0.66,-273,-650,-246,-10,-286,3,6007,6007,0,0,0,0
0.661,-259,-644,-238,-25,-267,3,5974,5974,0,0,0,0
0.662,-286,-583,-231,-24,-258,3,5185,5185,0,0,0,0
0.663,-330,-608,-220,1,-250,3,4899,4899,0,0,0,0
0.664,-346,-569,-164,17,-221,3,3778,3778,0,0,0,0
0.665,-363,-532,-160,46,-237,3,3298,3298,0,0,0,0
0.666,-350,-540,-173,17,-229,3,3624,3624,0,0,0,0
0.667,-380,-498,-133,64,-213,3,2561,2561,0,0,0,0
0.668,-372,-481,-122,32,-175,3,2356,2356,0,0,0,0
0.669,-366,-458,-124,52,-189,3,2244,2244,0,0,0,0
0.67,-369,-464,-57,62,-159,3,1453,1453,0,0,0,0
0.671,-413,-415,-75,94,-148,3,928,928,0,0,0,0
0.672,-406,-386,-38,98,-138,3,302,302,0,0,0,0
0.673,-403,-399,-28,55,-72,3,308,308,0,0,0,0
0.674,-406,-336,-1,64,-84,3,-548,-548,0,0,0,0
0.675,-403,-313,46,77,-38,3,-1279,-1279,0,0,0,0
0.676,-399,-322,56,67,-40,3,-1297,-1297,0,0,0,0
0.677,-380,-267,49,100,5,3,-1500,-1500,0,0,0,0
0.678,-398,-244,92,80,-18,3,-2351,-2351,0,0,0,0
0.679,-390,-263,100,60,12,3,-2232,-2232,0,0,0,0
0.68,-380,-207,107,69,26,3,-2685,-2685,0,0,0,0
0.681,-382,-171,141,66,71,3,-3403,-3403,0,0,0,0
0.682,-347,-154,141,68,64,3,-3259,-3259,0,0,0,0
0.683,-346,-166,187,62,98,3,-3714,-3714,0,0,0,0
0.684,-307,-128,176,29,98,3,-3572,-3572,0,0,0,0
0.685,-297,-95,179,37,109,3,-3793,-3793,0,0,0,0
0.686,-310,-81,230,39,169,3,-4629,-4629,0,0,0,0
0.687,-292,-55,205,7,179,3,-4389,-4389,0,0,0,0
0.688,-246,-46,241,7,196,3,-4531,-4531,0,0,0,0
0.689,-236,-25,257,-16,221,3,-4813,-4813,0,0,0,0
0.69,-243,15,255,-30,228,3,-5165,-5165,0,0,0,0
0.691,-188,45,270,-48,202,3,-5147,-5147,0,0,0,0
0.692,-176,78,238,-63,225,3,-4926,-4926,0,0,0,0
0.693,-131,121,244,-59,244,3,-4983,-4983,0,0,0,0
0.694,-106,102,256,-64,281,3,-4777,-4777,0,0,0,0
0.695,-70,139,226,-60,244,3,-4420,-4420,0,0,0,0
0.696,-53,190,266,-60,288,3,-5179,-5179,0,0,0,0
0.697,-13,212,242,-63,261,3,-4743,-4743,0,0,0,0
0.698,-14,199,235,-63,272,3,-4562,-4562,0,0,0,0
0.699,21,252,221,-75,280,3,-4535,-4535,0,0,0,0
0.7,39,245,205,-79,294,3,-4141,-4141,0,0,0,0
0.701,114,313,177,-74,320,3,-3744,-3744,0,0,0,0
0.702,111,301,159,-68,318,3,-3453,-3453,0,0,0,0
0.703,167,341,150,-57,291,3,-3216,-3216,0,0,0,0
0.704,200,357,123,-85,323,3,-2752,-2752,0,0,0,0
0.705,253,382,136,-49,273,3,-2686,-2686,0,0,0,0
0.706,268,388,95,-76,269,3,-2115,-2115,0,0,0,0
0.707,294,418,113,-79,285,3,-2366,-2366,0,0,0,0
0.708,344,435,52,-31,271,3,-1360,-1360,0,0,0,0
0.709,367,474,43,-52,291,3,-1379,-1379,0,0,0,0
0.71,419,484,49,-12,239,3,-1116,-1116,0,0,0,0
0.711,476,514,16,-27,273,3,-499,-499,0,0,0,0
0.712,487,531,-14,-18,231,3,-182,-182,0,0,0,0
0.713,576,557,-19,19,245,3,383,383,0,0,0,0
0.714,594,592,-57,23,192,3,709,709,0,0,0,0
0.715,623,589,-90,-3,224,3,1366,1366,0,0,0,0
0.716,692,607,-68,52,206,3,1507,1507,0,0,0,0
0.717,698,629,-92,23,177,3,1671,1671,0,0,0,0
0.718,749,643,-118,54,174,3,2283,2283,0,0,0,0
0.719,822,653,-158,76,155,3,3273,3273,0,0,0,0
0.72,829,661,-163,78,141,3,3326,3326,0,0,0,0
0.721,896,692,-200,66,114,3,4064,4064,0,0,0,0
0.722,904,693,-217,95,110,3,4327,4327,0,0,0,0
0.723,969,729,-182,84,71,3,4133,4133,0,0,0,0
0.724,1016,755,-221,65,58,3,4775,4775,0,0,0,0
0.725,1034,764,-240,104,28,3,5078,5078,0,0,0,0
0.726,1081,778,-219,83,35,3,5087,5087,0,0,0,0
0.727,1134,760,-240,70,-34,3,5910,5910,0,0,0,0
0.728,1176,763,-238,74,-17,3,6198,6198,0,0,0,0
0.729,1192,784,-269,58,-61,3,6535,6535,0,0,0,0
0.73,1245,814,-253,73,-58,3,6525,6525,0,0,0,0
0.731,1313,802,-255,67,-103,3,7189,7189,0,0,0,0
0.732,1317,810,-257,40,-113,3,7181,7181,0,0,0,0
0.733,1378,864,-259,46,-113,3,7261,7261,0,0,0,0
0.734,1385,841,-219,30,-145,3,7015,7015,0,0,0,0
0.735,1434,834,-218,53,-149,3,7451,7451,0,0,0,0
0.736,1472,864,-219,8,-166,3,7527,7527,0,0,0,0
0.737,1510,880,-223,21,-209,3,7752,7752,0,0,0,0
0.738,1550,874,-192,12,-193,3,7743,7743,0,0,0,0
0.739,1586,862,-191,0,-228,3,8115,8115,0,0,0,0
0.74,1613,887,-196,-21,-234,3,8191,8191,0,0,0,0
0.741,1650,868,-149,-37,-241,3,8068,8068,0,0,0,0
0.742,1683,905,-130,-58,-259,3,7805,7805,0,0,0,0
0.743,1683,918,-96,-57,-275,3,7287,7287,0,0,0,0
0.744,1736,875,-85,-34,-289,3,7922,7922,0,0,0,0
0.745,1747,903,-103,-68,-273,3,8004,8004,0,0,0,0
0.746,1759,917,-71,-62,-273,3,7599,7599,0,0,0,0
0.747,1778,907,-65,-79,-307,3,7758,7758,0,0,0,0
0.748,1831,881,-43,-96,-290,3,8123,8123,0,0,0,0
0.749,1846,876,-2,-81,-317,3,7784,7784,0,0,0,0
0.75,1838,894,6,-54,-293,3,7479,7479,0,0,0,0
0.751,1883,870,20,-85,-310,3,7861,7861,0,0,0,0
0.752,1873,907,68,-88,-306,3,6901,6901,0,0,0,0
0.753,1907,887,103,-74,-288,3,6908,6908,0,0,0,0
0.754,1932,872,119,-82,-295,3,7033,7033,0,0,0,0
0.755,1949,890,97,-85,-292,3,7292,7292,0,0,0,0
0.756,1937,855,128,-73,-293,3,7100,7100,0,0,0,0
0.757,1941,864,131,-41,-260,3,7023,7023,0,0,0,0
0.758,1978,856,167,-72,-278,3,6945,6945,0,0,0,0
0.759,1998,828,208,-65,-250,3,6831,6831,0,0,0,0
0.76,2003,854,183,-25,-270,3,6967,6967,0,0,0,0
0.761,1986,840,223,-45,-215,3,6456,6456,0,0,0,0
0.762,2001,806,222,-39,-200,3,6860,6860,0,0,0,0
0.763,2010,806,231,-23,-226,3,6823,6823,0,0,0,0
0.764,2019,789,255,20,-199,3,6739,6739,0,0,0,0
0.765,1999,809,233,32,-201,3,6687,6687,0,0,0,0
0.766,2016,784,238,42,-169,3,6962,6962,0,0,0,0
0.767,1984,786,262,20,-130,3,6398,6398,0,0,0,0
0.768,1974,763,232,59,-126,3,6867,6867,0,0,0,0
0.769,1972,750,229,24,-132,3,6991,6991,0,0,0,0
0.77,1986,711,241,53,-71,3,7269,7269,0,0,0,0
0.771,1984,724,236,64,-74,3,7210,7210,0,0,0,0
0.772,1953,682,224,64,-80,3,7444,7444,0,0,0,0
0.773,1951,691,213,96,-46,3,7490,7490,0,0,0,0
0.774,1910,669,236,88,-37,3,7058,7058,0,0,0,0
0.775,1913,641,200,77,20,3,7744,7744,0,0,0,0
0.776,1893,606,183,92,13,3,8071,8071,0,0,0,0
0.777,1876,610,194,93,39,3,7769,7769,0,0,0,0
0.778,1844,593,181,59,75,3,7807,7807,0,0,0,0
0.779,1845,577,157,68,80,3,8235,8235,0,0,0,0
0.78,1827,527,154,65,72,3,8527,8527,0,0,0,0
0.781,1802,516,92,92,92,3,9169,9169,0,0,0,0
0.782,1783,512,89,82,114,3,9086,9086,0,0,0,0
0.783,1744,506,88,47,158,3,8834,8834,0,0,0,0
0.784,1737,454,76,75,171,3,9340,9340,0,0,0,0
0.785,1696,466,16,20,174,3,9645,9645,0,0,0,0
0.786,1682,449,22,25,186,3,9596,9596,0,0,0,0
0.787,1629,382,-25,9,189,3,10280,10280,0,0,0,0
0.788,1613,392,-36,16,202,3,10206,10206,0,0,0,0
0.789,1556,354,-39,26,243,3,10090,10090,0,0,0,0
0.79,1518,318,-58,10,263,3,10305,10305,0,0,0,0
0.791,1527,299,-115,-39,258,3,11222,11222,0,0,0,0
0.792,1464,283,-123,-37,278,3,10944,10944,0,0,0,0
0.793,1413,241,-106,-19,273,3,10665,10665,0,0,0,0
0.794,1406,253,-143,-53,260,3,10963,10963,0,0,0,0
0.795,1385,217,-159,-34,264,3,11277,11277,0,0,0,0
0.796,1340,187,-191,-51,308,3,11547,11547,0,0,0,0
0.797,1313,190,-196,-54,316,3,11367,11367,0,0,0,0
0.798,1272,171,-217,-58,324,3,11447,11447,0,0,0,0
0.799,1208,121,-235,-70,290,3,11554,11554,0,0,0,0
